"country","year","murder_count","population","murder_rate_per_100k","happiness_score"
"Afghanistan","2008",3780,26400000,14.3181818181818,37.2
"Afghanistan","2009",3870,27400000,14.1240875912409,44
"Afghanistan","2010",4130,28200000,14.645390070922,47.6
"Afghanistan","2011",4170,29200000,14.2808219178082,38.3
"Afghanistan","2012",4240,30500000,13.9016393442623,37.8
"Afghanistan","2013",4380,31500000,13.9047619047619,35.7
"Afghanistan","2014",4420,32700000,13.5168195718654,31.3
"Afghanistan","2015",5040,33800000,14.9112426035503,39.8
"Afghanistan","2016",5030,34600000,14.5375722543353,42.2
"Afghanistan","2017",5190,35600000,14.5786516853933,26.6
"Afghanistan","2018",5500,36700000,14.9863760217984,26.9
"Afghanistan","2019",5020,37800000,13.2804232804233,23.8
"Angola","2011",844,24300000,3.47325102880658,55.9
"Angola","2012",865,25200000,3.43253968253968,43.6
"Angola","2013",884,26100000,3.38697318007663,39.4
"Angola","2014",892,27100000,3.29151291512915,38
"Albania","2007",75.9,2980000,2.54697986577181,46.3
"Albania","2009",61.8,2930000,2.10921501706485,54.9
"Albania","2010",65.9,2910000,2.26460481099656,52.7
"Albania","2011",65,2900000,2.24137931034483,58.7
"Albania","2012",64.4,2890000,2.22837370242215,55.1
"Albania","2013",63.3,2890000,2.19031141868512,45.5
"Albania","2014",62.7,2880000,2.17708333333333,48.1
"Albania","2015",62.7,2880000,2.17708333333333,46.1
"Albania","2016",61.6,2880000,2.13888888888889,45.1
"Albania","2017",60,2880000,2.08333333333333,46.4
"Albania","2018",58.8,2880000,2.04166666666667,50
"Albania","2019",57,2870000,1.98606271777003,50
"UAE","2006",58.3,4900000,1.18979591836735,67.3
"UAE","2009",145,7990000,1.81476846057572,68.7
"UAE","2010",142,8480000,1.67452830188679,71
"UAE","2011",134,8580000,1.56177156177156,71.2
"UAE","2012",127,8660000,1.46651270207852,72.2
"UAE","2013",121,8750000,1.38285714285714,66.2
"UAE","2014",115,8840000,1.30090497737557,65.4
"UAE","2015",109,8920000,1.2219730941704,65.7
"UAE","2016",102,8990000,1.13459399332592,68.3
"UAE","2017",96.3,9070000,1.06174200661522,70.4
"UAE","2018",90.9,9140000,0.9945295404814,66
"UAE","2019",86.5,9210000,0.939196525515744,67.1
"Argentina","2006",2240,39500000,5.67088607594937,63.1
"Argentina","2007",1890,39900000,4.73684210526316,60.7
"Argentina","2008",2340,40300000,5.80645161290323,59.6
"Argentina","2009",2400,40700000,5.8968058968059,64.2
"Argentina","2010",2450,41100000,5.96107055961071,64.4
"Argentina","2011",2540,41500000,6.12048192771084,67.8
"Argentina","2012",2740,4.2e+07,6.52380952380952,64.7
"Argentina","2013",2850,42400000,6.72169811320755,65.8
"Argentina","2014",2960,42800000,6.91588785046729,66.7
"Argentina","2015",2910,43300000,6.72055427251732,67
"Argentina","2016",2920,43700000,6.68192219679634,64.3
"Argentina","2017",2900,44100000,6.57596371882086,60.4
"Argentina","2018",2890,44400000,6.50900900900901,57.9
"Argentina","2019",2880,44700000,6.44295302013423,60.9
"Armenia","2006",161,3030000,5.31353135313531,42.9
"Armenia","2007",194,3e+06,6.46666666666667,48.8
"Armenia","2008",160,2980000,5.36912751677852,46.5
"Armenia","2009",154,2960000,5.2027027027027,41.8
"Armenia","2010",154,2950000,5.22033898305085,43.7
"Armenia","2011",151,2930000,5.15358361774744,42.6
"Armenia","2012",193,2910000,6.63230240549828,43.2
"Armenia","2013",174,2900000,6,42.8
"Armenia","2014",171,2890000,5.91695501730104,44.5
"Armenia","2015",162,2880000,5.625,43.5
"Armenia","2016",159,2870000,5.54006968641115,43.3
"Armenia","2017",154,2850000,5.40350877192982,42.9
"Armenia","2018",154,2840000,5.42253521126761,50.6
"Armenia","2019",153,2820000,5.42553191489362,54.9
"Australia","2005",254,20200000,1.25742574257426,73.4
"Australia","2007",300,20800000,1.44230769230769,72.8
"Australia","2008",327,21200000,1.54245283018868,72.5
"Australia","2010",326,2.2e+07,1.48181818181818,74.5
"Australia","2011",311,22400000,1.38839285714286,74.1
"Australia","2012",318,22700000,1.40088105726872,72
"Australia","2013",304,23100000,1.31601731601732,73.6
"Australia","2014",312,23500000,1.32765957446809,72.9
"Australia","2015",318,23800000,1.33613445378151,73.1
"Australia","2016",300,24200000,1.2396694214876,72.5
"Australia","2017",315,24600000,1.28048780487805,72.6
"Australia","2018",320,2.5e+07,1.28,71.8
"Australia","2019",322,25400000,1.26771653543307,72.3
"Austria","2006",75.8,8270000,0.916565900846433,71.2
"Austria","2008",67,8320000,0.805288461538461,71.8
"Austria","2010",68.5,8360000,0.819377990430622,73
"Austria","2011",70.8,8390000,0.843861740166865,74.7
"Austria","2012",68,8430000,0.806642941874259,74
"Austria","2013",66.4,8480000,0.783018867924528,75
"Austria","2014",70.9,8550000,0.829239766081871,69.5
"Austria","2015",79.5,8640000,0.920138888888889,70.8
"Austria","2016",77.1,8740000,0.882151029748284,70.5
"Austria","2017",74.1,8800000,0.842045454545454,72.9
"Austria","2018",71.1,8840000,0.804298642533937,74
"Austria","2019",70.5,8880000,0.793918918918919,72
"Azerbaijan","2006",330,8760000,3.76712328767123,47.3
"Azerbaijan","2007",304,8880000,3.42342342342342,45.7
"Azerbaijan","2008",316,9e+06,3.51111111111111,48.2
"Azerbaijan","2009",325,9120000,3.56359649122807,45.7
"Azerbaijan","2010",340,9240000,3.67965367965368,42.2
"Azerbaijan","2011",343,9360000,3.66452991452991,46.8
"Azerbaijan","2012",353,9490000,3.71970495258167,49.1
"Azerbaijan","2013",360,9610000,3.74609781477627,54.8
"Azerbaijan","2014",365,9740000,3.74743326488706,52.5
"Azerbaijan","2015",364,9860000,3.69168356997972,51.5
"Azerbaijan","2016",361,9980000,3.61723446893788,53
"Azerbaijan","2017",364,10100000,3.6039603960396,51.5
"Azerbaijan","2018",370,10200000,3.62745098039216,51.7
"Azerbaijan","2019",372,10200000,3.64705882352941,51.7
"Burundi","2008",78.4,8280000,0.946859903381643,35.6
"Burundi","2009",82.3,8710000,0.944890929965557,37.9
"Burundi","2011",88,9460000,0.930232558139535,37.1
"Burundi","2014",94.7,10500000,0.901904761904762,29.1
"Burundi","2018",166,11500000,1.44347826086957,37.8
"Belgium","2005",193,10500000,1.83809523809524,72.6
"Belgium","2007",185,10700000,1.72897196261682,72.2
"Belgium","2008",166,10700000,1.55140186915888,71.2
"Belgium","2010",160,10900000,1.46788990825688,68.5
"Belgium","2011",183,1.1e+07,1.66363636363636,71.1
"Belgium","2012",176,1.1e+07,1.6,69.3
"Belgium","2013",159,11100000,1.43243243243243,71
"Belgium","2014",169,11200000,1.50892857142857,68.5
"Belgium","2015",162,11200000,1.44642857142857,69
"Belgium","2016",168,11300000,1.48672566371681,69.5
"Belgium","2017",163,11400000,1.42982456140351,69.3
"Belgium","2018",163,11400000,1.42982456140351,68.9
"Belgium","2019",163,11500000,1.41739130434783,67.7
"Benin","2006",527,8400000,6.27380952380952,33.3
"Benin","2008",569,8910000,6.38608305274972,36.7
"Benin","2011",670,9730000,6.88591983556012,38.7
"Benin","2012",697,1e+07,6.97,31.9
"Benin","2013",727,10300000,7.05825242718447,34.8
"Benin","2014",758,10600000,7.15094339622642,33.5
"Benin","2015",785,10900000,7.20183486238532,36.3
"Benin","2016",819,11300000,7.24778761061947,40.1
"Benin","2017",846,11600000,7.29310344827586,48.5
"Benin","2018",876,11900000,7.36134453781513,58.2
"Benin","2019",898,12300000,7.30081300813008,49.8
"Burkina Faso","2006",1130,14300000,7.9020979020979,38
"Burkina Faso","2007",1160,14800000,7.83783783783784,40.2
"Burkina Faso","2008",1190,15200000,7.82894736842105,38.5
"Burkina Faso","2010",1310,16100000,8.13664596273292,40.4
"Burkina Faso","2011",1350,16600000,8.13253012048193,47.9
"Burkina Faso","2012",1440,17100000,8.42105263157895,39.5
"Burkina Faso","2013",1540,17600000,8.75,33.3
"Burkina Faso","2014",1650,18200000,9.06593406593407,34.8
"Burkina Faso","2015",1740,18700000,9.3048128342246,44.2
"Burkina Faso","2016",1860,19300000,9.63730569948186,42.1
"Burkina Faso","2017",1950,19800000,9.84848484848485,46.5
"Burkina Faso","2018",2040,20400000,10,49.3
"Burkina Faso","2019",2140,2.1e+07,10.1904761904762,47.4
"Bangladesh","2006",3390,1.43e+08,2.37062937062937,43.2
"Bangladesh","2007",3390,1.44e+08,2.35416666666667,46.1
"Bangladesh","2008",3390,1.45e+08,2.33793103448276,50.5
"Bangladesh","2009",3520,1.47e+08,2.39455782312925,50.8
"Bangladesh","2010",3580,1.48e+08,2.41891891891892,48.6
"Bangladesh","2011",3680,1.5e+08,2.45333333333333,49.9
"Bangladesh","2012",3630,1.52e+08,2.38815789473684,47.2
"Bangladesh","2013",3840,1.54e+08,2.49350649350649,46.6
"Bangladesh","2014",4030,1.56e+08,2.58333333333333,46.4
"Bangladesh","2015",4090,1.58e+08,2.58860759493671,46.3
"Bangladesh","2016",4050,1.6e+08,2.53125,45.6
"Bangladesh","2017",4020,1.62e+08,2.48148148148148,43.1
"Bangladesh","2018",3980,1.64e+08,2.42682926829268,45
"Bangladesh","2019",3950,1.66e+08,2.37951807228916,51.1
"Bulgaria","2007",236,7720000,3.05699481865285,38.4
"Bulgaria","2010",195,7590000,2.56916996047431,39.1
"Bulgaria","2011",176,7540000,2.3342175066313,38.8
"Bulgaria","2012",181,7490000,2.41655540720961,42.2
"Bulgaria","2013",163,7430000,2.19380888290713,39.9
"Bulgaria","2014",178,7370000,2.41519674355495,44.4
"Bulgaria","2015",177,7310000,2.42134062927497,48.6
"Bulgaria","2016",182,7250000,2.51034482758621,48.4
"Bulgaria","2017",181,7180000,2.52089136490251,51
"Bulgaria","2018",182,7120000,2.5561797752809,51
"Bulgaria","2019",182,7050000,2.58156028368794,51.1
"Bahrain","2009",35.1,1180000,2.97457627118644,57
"Bahrain","2010",35.5,1210000,2.93388429752066,59.4
"Bahrain","2011",34.1,1210000,2.81818181818182,48.2
"Bahrain","2012",32.5,1220000,2.66393442622951,50.3
"Bahrain","2013",31.9,1260000,2.53174603174603,66.9
"Bahrain","2014",31.5,1310000,2.40458015267176,61.6
"Bahrain","2015",30.7,1360000,2.25735294117647,60.1
"Bahrain","2016",29.6,1410000,2.09929078014184,61.7
"Bahrain","2017",28.5,1460000,1.95205479452055,62.3
"Bahrain","2019",26.9,1490000,1.80536912751678,71
"Bosnia and Herzegovina","2007",129,4010000,3.21695760598504,49
"Bosnia and Herzegovina","2009",115,3880000,2.9639175257732,49.6
"Bosnia and Herzegovina","2010",108,3810000,2.83464566929134,46.7
"Bosnia and Herzegovina","2011",106,3740000,2.83422459893048,50
"Bosnia and Herzegovina","2012",99.8,3670000,2.71934604904632,47.7
"Bosnia and Herzegovina","2013",95,3620000,2.62430939226519,51.2
"Bosnia and Herzegovina","2014",89.7,3570000,2.51260504201681,52.5
"Bosnia and Herzegovina","2015",91.9,3520000,2.61079545454545,51.2
"Bosnia and Herzegovina","2016",91.8,3480000,2.63793103448276,51.8
"Bosnia and Herzegovina","2017",88.4,3440000,2.56976744186047,50.9
"Bosnia and Herzegovina","2018",86.7,3400000,2.55,58.9
"Bosnia and Herzegovina","2019",84.1,3360000,2.50297619047619,60.2
"Belarus","2006",1260,9870000,12.7659574468085,56.6
"Belarus","2007",1110,9830000,11.2919633774161,56.2
"Belarus","2008",1300,9790000,13.2788559754852,54.6
"Belarus","2009",1230,9760000,12.6024590163934,55.6
"Belarus","2010",1020,9730000,10.4830421377184,55.3
"Belarus","2011",1200,9710000,12.3583934088568,52.3
"Belarus","2012",901,9690000,9.29824561403509,57.5
"Belarus","2013",789,9690000,8.14241486068111,58.8
"Belarus","2014",731,9690000,7.54385964912281,58.1
"Belarus","2015",779,9700000,8.03092783505155,57.2
"Belarus","2016",747,9710000,7.69309989701339,51.8
"Belarus","2017",753,9710000,7.75489186405767,55.5
"Belarus","2018",767,9700000,7.90721649484536,52.3
"Belarus","2019",776,9670000,8.02481902792141,58.2
"Belize","2007",67.7,297000,22.7946127946128,64.5
"Belize","2014",94.2,352000,26.7613636363636,59.6
"Bolivia","2006",573,9540000,6.0062893081761,53.7
"Bolivia","2007",584,9710000,6.01441812564367,56.3
"Bolivia","2008",594,9880000,6.01214574898785,53
"Bolivia","2009",607,10100000,6.00990099009901,60.9
"Bolivia","2010",628,10200000,6.15686274509804,57.8
"Bolivia","2011",626,10400000,6.01923076923077,57.8
"Bolivia","2012",628,10600000,5.92452830188679,60.2
"Bolivia","2013",628,10700000,5.86915887850467,57.7
"Bolivia","2014",644,10900000,5.90825688073395,58.6
"Bolivia","2015",640,11100000,5.76576576576577,58.3
"Bolivia","2016",624,11300000,5.52212389380531,57.7
"Bolivia","2017",624,11400000,5.47368421052632,56.5
"Bolivia","2018",620,11600000,5.3448275862069,59.2
"Bolivia","2019",615,11800000,5.21186440677966,56.7
"Brazil","2005",59900,1.87e+08,32.0320855614973,66.4
"Brazil","2007",60000,1.91e+08,31.413612565445,63.2
"Brazil","2008",61000,1.93e+08,31.6062176165803,66.9
"Brazil","2009",62500,1.95e+08,32.051282051282,70
"Brazil","2010",62900,1.96e+08,32.0918367346939,68.4
"Brazil","2011",63000,1.98e+08,31.8181818181818,70.4
"Brazil","2012",65600,2e+08,32.8,66.6
"Brazil","2013",66500,2.02e+08,32.9207920792079,71.4
"Brazil","2014",68100,2.03e+08,33.5467980295566,69.8
"Brazil","2015",68100,2.05e+08,33.219512195122,65.5
"Brazil","2016",69600,2.07e+08,33.6231884057971,63.8
"Brazil","2017",69300,2.09e+08,33.1578947368421,63.3
"Brazil","2018",67000,2.1e+08,31.9047619047619,61.9
"Brazil","2019",65900,2.12e+08,31.0849056603774,64.5
"Bhutan","2013",8.75,729000,1.2002743484225,55.7
"Bhutan","2014",8.63,736000,1.17255434782609,49.4
"Bhutan","2015",8.49,743000,1.14266487213997,50.8
"Botswana","2006",460,1930000,23.8341968911917,47.4
"Botswana","2008",467,2010000,23.2338308457711,54.5
"Botswana","2010",478,2090000,22.8708133971292,35.5
"Botswana","2011",477,2130000,22.3943661971831,35.2
"Botswana","2012",478,2180000,21.9266055045872,48.4
"Botswana","2013",475,2220000,21.3963963963964,41.3
"Botswana","2014",471,2260000,20.8407079646018,40.3
"Botswana","2015",473,2310000,20.4761904761905,37.6
"Botswana","2016",470,2350000,20,35
"Botswana","2017",469,2400000,19.5416666666667,35
"Botswana","2018",471,2450000,19.2244897959184,34.6
"Botswana","2019",469,2500000,18.76,34.7
"Central African Republic","2007",289,4380000,6.59817351598174,41.6
"Central African Republic","2010",317,4660000,6.80257510729614,35.7
"Central African Republic","2011",389,4730000,8.22410147991543,36.8
"Central African Republic","2016",550,4900000,11.2244897959184,26.9
"Central African Republic","2017",1430,5e+06,28.6,34.8
"Canada","2005",553,32200000,1.71739130434783,74.2
"Canada","2007",538,32900000,1.63525835866261,74.8
"Canada","2008",604,33200000,1.81927710843373,74.9
"Canada","2009",557,33600000,1.6577380952381,74.9
"Canada","2010",613,3.4e+07,1.80294117647059,76.5
"Canada","2011",603,34300000,1.75801749271137,74.3
"Canada","2012",605,34700000,1.74351585014409,74.2
"Canada","2013",569,35100000,1.62108262108262,75.9
"Canada","2014",560,35400000,1.5819209039548,73
"Canada","2015",580,35700000,1.62464985994398,74.1
"Canada","2016",595,36100000,1.64819944598338,72.5
"Canada","2017",572,36600000,1.56284153005464,74.2
"Canada","2018",559,3.7e+07,1.51081081081081,71.8
"Canada","2019",552,37500000,1.472,71.1
"Switzerland","2006",62.4,7480000,0.834224598930481,74.7
"Switzerland","2009",64.9,7730000,0.839586028460543,75.3
"Switzerland","2012",54.9,8e+06,0.68625,77.8
"Switzerland","2014",49.6,8190000,0.605616605616606,74.9
"Switzerland","2015",54.7,8280000,0.660628019323672,75.7
"Switzerland","2016",48.7,8370000,0.58183990442055,74.6
"Switzerland","2017",52.1,8450000,0.616568047337278,74.7
"Switzerland","2018",53.2,8510000,0.625146886016451,75.1
"Switzerland","2019",54.1,8580000,0.63053613053613,76.9
"Chile","2006",860,16300000,5.2760736196319,60.6
"Chile","2007",663,16500000,4.01818181818182,57
"Chile","2008",769,16700000,4.60479041916168,57.9
"Chile","2009",746,16800000,4.44047619047619,64.9
"Chile","2010",797,1.7e+07,4.68823529411765,66.4
"Chile","2011",801,17200000,4.65697674418605,65.3
"Chile","2012",765,17300000,4.42196531791908,66
"Chile","2013",756,17500000,4.32,67.4
"Chile","2014",839,17700000,4.74011299435028,68.4
"Chile","2015",821,17900000,4.58659217877095,65.3
"Chile","2016",776,18100000,4.28729281767956,65.8
"Chile","2017",792,18400000,4.30434782608696,63.2
"Chile","2018",795,18700000,4.25133689839572,64.4
"Chile","2019",793,1.9e+07,4.17368421052632,59.4
"China","2006",25000,1.31e+09,1.90839694656489,45.6
"China","2007",23300,1.32e+09,1.76515151515152,48.6
"China","2008",21800,1.33e+09,1.6390977443609,48.5
"China","2009",20700,1.34e+09,1.54477611940299,44.5
"China","2010",18900,1.35e+09,1.4,46.5
"China","2011",17500,1.36e+09,1.28676470588235,50.4
"China","2012",16200,1.37e+09,1.18248175182482,51
"China","2013",15100,1.38e+09,1.09420289855072,52.4
"China","2014",14200,1.39e+09,1.02158273381295,52
"China","2015",13500,1.39e+09,0.971223021582734,53
"China","2016",13100,1.4e+09,0.935714285714286,53.3
"China","2017",12500,1.41e+09,0.886524822695035,51
"China","2018",12200,1.42e+09,0.859154929577465,51.3
"China","2019",12000,1.42e+09,0.845070422535211,51.4
"Cote d'Ivoire","2009",1910,20700000,9.22705314009662,42
"Cote d'Ivoire","2013",2190,22500000,9.73333333333333,37.4
"Cote d'Ivoire","2014",2260,2.3e+07,9.82608695652174,35.7
"Cote d'Ivoire","2015",2290,23600000,9.70338983050847,44.5
"Cote d'Ivoire","2016",2310,24200000,9.54545454545455,45.4
"Cote d'Ivoire","2017",2270,24800000,9.15322580645161,50.4
"Cote d'Ivoire","2018",2320,25500000,9.09803921568627,52.7
"Cote d'Ivoire","2019",2310,26100000,8.85057471264368,53.9
"Cameroon","2006",647,17800000,3.63483146067416,38.5
"Cameroon","2007",596,18300000,3.2568306010929,43.5
"Cameroon","2008",630,18800000,3.35106382978723,42.9
"Cameroon","2009",672,19300000,3.48186528497409,47.4
"Cameroon","2010",713,19900000,3.58291457286432,45.5
"Cameroon","2011",747,20400000,3.66176470588235,44.3
"Cameroon","2012",773,2.1e+07,3.68095238095238,42.5
"Cameroon","2013",804,21600000,3.72222222222222,42.7
"Cameroon","2014",829,22300000,3.71748878923767,42.4
"Cameroon","2015",831,2.3e+07,3.61304347826087,50.4
"Cameroon","2016",868,23700000,3.66244725738397,48.2
"Cameroon","2017",940,24400000,3.85245901639344,50.7
"Cameroon","2018",899,25100000,3.58167330677291,52.5
"Cameroon","2019",916,25800000,3.55038759689922,49.4
"Congo, Dem. Rep.","2009",2180,64300000,3.39035769828927,39.8
"Congo, Dem. Rep.","2011",2380,68700000,3.46433770014556,45.2
"Congo, Dem. Rep.","2012",2660,7.1e+07,3.74647887323944,46.4
"Congo, Dem. Rep.","2013",2640,73500000,3.59183673469388,45
"Congo, Dem. Rep.","2014",2790,7.6e+07,3.67105263157895,44.1
"Congo, Dem. Rep.","2015",2690,78700000,3.41804320203304,39
"Congo, Dem. Rep.","2016",3440,81400000,4.22604422604423,45.2
"Congo, Dem. Rep.","2017",3500,84300000,4.15183867141163,43.1
"Congo, Rep.","2008",211,4090000,5.15892420537897,38.2
"Congo, Rep.","2011",210,4580000,4.58515283842795,45.1
"Congo, Rep.","2012",219,4710000,4.64968152866242,39.2
"Congo, Rep.","2013",221,4830000,4.57556935817805,39.5
"Congo, Rep.","2014",225,4940000,4.55465587044534,40.6
"Congo, Rep.","2015",227,5060000,4.48616600790514,46.9
"Congo, Rep.","2016",231,5190000,4.45086705202312,41.2
"Congo, Rep.","2017",234,5310000,4.40677966101695,48.8
"Congo, Rep.","2018",240,5440000,4.41176470588235,54.9
"Congo, Rep.","2019",245,5570000,4.39856373429084,52.1
"Colombia","2006",20500,42800000,47.8971962616822,60.3
"Colombia","2007",19400,43300000,44.8036951501155,61.4
"Colombia","2008",19300,43800000,44.0639269406393,61.7
"Colombia","2009",19700,44300000,44.4695259593679,62.7
"Colombia","2010",18900,44800000,42.1875,64.1
"Colombia","2011",18200,45300000,40.1766004415011,64.6
"Colombia","2012",17600,45800000,38.4279475982533,63.8
"Colombia","2013",17000,46200000,36.7965367965368,66.1
"Colombia","2014",15400,46700000,32.9764453961456,64.5
"Colombia","2015",15200,47100000,32.2717622080679,63.9
"Colombia","2016",16400,47600000,34.453781512605,62.3
"Colombia","2017",16800,48400000,34.7107438016529,61.6
"Colombia","2018",17100,49300000,34.685598377282,59.8
"Colombia","2019",17100,50200000,34.0637450199203,63.5
"Comoros","2009",47.7,642000,7.42990654205607,34.8
"Comoros","2010",41,656000,6.25,38.1
"Comoros","2011",44.7,670000,6.67164179104478,38.4
"Comoros","2012",45.3,685000,6.61313868613139,39.6
"Comoros","2018",67.6,776000,8.71134020618557,39.7
"Comoros","2019",67.2,791000,8.49557522123894,46.1
"Costa Rica","2006",336,4380000,7.67123287671233,70.8
"Costa Rica","2007",317,4440000,7.13963963963964,74.3
"Costa Rica","2008",378,4500000,8.4,68.5
"Costa Rica","2009",412,4560000,9.03508771929824,76.2
"Costa Rica","2010",467,4620000,10.1082251082251,72.7
"Costa Rica","2011",451,4680000,9.63675213675214,72.3
"Costa Rica","2012",436,4740000,9.19831223628692,72.7
"Costa Rica","2013",452,4790000,9.43632567849687,71.6
"Costa Rica","2014",488,4840000,10.0826446280992,72.5
"Costa Rica","2015",558,4900000,11.3877551020408,68.5
"Costa Rica","2016",590,4950000,11.9191919191919,71.4
"Costa Rica","2017",546,4990000,10.9418837675351,72.3
"Costa Rica","2018",516,5040000,10.2380952380952,71.4
"Costa Rica","2019",503,5080000,9.90157480314961,70
"Cuba","2006",578,11300000,5.11504424778761,54.2
"Cyprus","2006",21.8,1060000,2.05660377358491,62.4
"Cyprus","2009",21.3,1110000,1.91891891891892,68.3
"Cyprus","2010",20.9,1130000,1.84955752212389,63.9
"Cyprus","2011",21.3,1150000,1.85217391304348,66.9
"Cyprus","2012",21.4,1160000,1.8448275862069,61.8
"Cyprus","2013",21,1170000,1.79487179487179,54.4
"Cyprus","2014",20.6,1180000,1.74576271186441,56.3
"Cyprus","2015",20.6,1190000,1.73109243697479,54.4
"Cyprus","2016",20.7,1200000,1.725,58
"Cyprus","2017",20.6,1210000,1.70247933884298,60.6
"Cyprus","2018",20.8,1220000,1.70491803278689,62.8
"Cyprus","2019",20.7,1230000,1.68292682926829,61.4
"Czech Republic","2005",163,10300000,1.58252427184466,64.4
"Czech Republic","2007",168,10300000,1.63106796116505,65
"Czech Republic","2010",135,10500000,1.28571428571429,62.5
"Czech Republic","2011",132,10500000,1.25714285714286,63.3
"Czech Republic","2012",131,10500000,1.24761904761905,63.3
"Czech Republic","2013",119,10500000,1.13333333333333,67
"Czech Republic","2014",116,10500000,1.1047619047619,64.8
"Czech Republic","2015",116,10500000,1.1047619047619,66.1
"Czech Republic","2016",95.5,10500000,0.90952380952381,67.4
"Czech Republic","2017",101,10500000,0.961904761904762,67.9
"Czech Republic","2018",105,10500000,1,70.3
"Germany","2005",715,81200000,0.880541871921182,66.2
"Germany","2007",695,81200000,0.855911330049261,64.2
"Germany","2008",675,81200000,0.83128078817734,65.2
"Germany","2009",674,81300000,0.829028290282903,66.4
"Germany","2010",665,81300000,0.817958179581796,67.3
"Germany","2011",640,81400000,0.786240786240786,66.2
"Germany","2012",601,81500000,0.737423312883436,67
"Germany","2013",592,81700000,0.724602203182375,69.7
"Germany","2014",587,81900000,0.716727716727717,69.8
"Germany","2015",622,82100000,0.757612667478684,70.4
"Germany","2016",615,82300000,0.74726609963548,68.7
"Germany","2017",614,82600000,0.743341404358353,70.7
"Germany","2018",615,82900000,0.741857659831122,71.2
"Germany","2019",617,83100000,0.742478941034898,70.3
"Djibouti","2008",91.9,883000,10.4077010192525,50.1
"Djibouti","2009",93.2,901000,10.3440621531632,49.1
"Djibouti","2010",97.7,919000,10.6311207834603,50.1
"Djibouti","2011",100,937000,10.6723585912487,43.7
"Denmark","2005",72,5440000,1.32352941176471,80.2
"Denmark","2007",64.7,5480000,1.18065693430657,78.3
"Denmark","2008",60.3,5500000,1.09636363636364,79.7
"Denmark","2009",57.6,5530000,1.04159132007233,76.8
"Denmark","2010",51.8,5550000,0.933333333333333,77.7
"Denmark","2011",51.4,5580000,0.921146953405018,77.9
"Denmark","2012",35.5,5600000,0.633928571428571,75.2
"Denmark","2013",34,5630000,0.603907637655417,75.9
"Denmark","2014",44.4,5650000,0.785840707964602,75.1
"Denmark","2015",41.7,5680000,0.734154929577465,75.1
"Denmark","2016",42,5710000,0.735551663747811,75.6
"Denmark","2017",42.4,5740000,0.738675958188153,75.9
"Denmark","2018",42.9,5770000,0.743500866551127,76.5
"Denmark","2019",43.4,5800000,0.748275862068965,76.9
"Dominican Republic","2006",1560,9280000,16.8103448275862,50.9
"Dominican Republic","2007",1710,9400000,18.1914893617021,50.8
"Dominican Republic","2008",1780,9520000,18.6974789915966,48.4
"Dominican Republic","2009",1860,9650000,19.2746113989637,54.3
"Dominican Republic","2010",1910,9780000,19.5296523517382,47.4
"Dominican Republic","2011",1980,9900000,20,54
"Dominican Republic","2012",2080,1e+07,20.8,47.5
"Dominican Republic","2013",2160,10200000,21.1764705882353,50.2
"Dominican Republic","2014",2220,10300000,21.5533980582524,53.9
"Dominican Republic","2015",2240,10400000,21.5384615384615,50.6
"Dominican Republic","2016",2210,10500000,21.047619047619,52.4
"Dominican Republic","2017",2130,10600000,20.0943396226415,56
"Dominican Republic","2018",2060,10800000,19.0740740740741,54.3
"Dominican Republic","2019",1990,10900000,18.256880733945,60
"Algeria","2010",530,35900000,1.47632311977716,54.6
"Algeria","2011",527,36500000,1.44383561643836,53.2
"Algeria","2012",521,37300000,1.39678284182306,56
"Algeria","2014",509,38800000,1.31185567010309,63.5
"Algeria","2016",486,40300000,1.20595533498759,53.4
"Algeria","2017",474,41100000,1.15328467153285,52.5
"Algeria","2018",468,41900000,1.11694510739857,50.4
"Algeria","2019",459,42700000,1.07494145199063,47.5
"Ecuador","2006",3290,1.4e+07,23.5,50.2
"Ecuador","2007",3300,14300000,23.0769230769231,50
"Ecuador","2008",3320,14500000,22.8965517241379,53
"Ecuador","2009",3280,14700000,22.312925170068,60.2
"Ecuador","2010",3130,1.5e+07,20.8666666666667,58.4
"Ecuador","2011",2860,15200000,18.8157894736842,58
"Ecuador","2012",2570,15500000,16.5806451612903,59.6
"Ecuador","2013",2300,15700000,14.6496815286624,60.2
"Ecuador","2014",2100,1.6e+07,13.125,59.5
"Ecuador","2015",1950,16200000,12.037037037037,59.6
"Ecuador","2016",1840,16400000,11.219512195122,61.1
"Ecuador","2017",1820,16700000,10.8982035928144,58.4
"Ecuador","2018",1850,1.7e+07,10.8823529411765,61.3
"Ecuador","2019",1910,17300000,11.0404624277457,58.1
"Egypt","2005",392,79100000,0.495575221238938,51.7
"Egypt","2007",465,82200000,0.565693430656934,55.4
"Egypt","2008",503,83800000,0.600238663484487,46.3
"Egypt","2009",535,85500000,0.625730994152047,50.7
"Egypt","2010",535,87300000,0.61282932416953,46.7
"Egypt","2011",562,89200000,0.630044843049327,41.7
"Egypt","2012",618,91200000,0.677631578947368,42
"Egypt","2013",684,93400000,0.732334047109208,35.6
"Egypt","2014",593,95600000,0.620292887029289,48.9
"Egypt","2015",537,97700000,0.5496417604913,47.6
"Egypt","2016",530,99800000,0.531062124248497,45.6
"Egypt","2017",522,1.02e+08,0.511764705882353,39.3
"Egypt","2018",516,1.04e+08,0.496153846153846,40
"Egypt","2019",512,1.06e+08,0.483018867924528,43.3
"Spain","2005",477,43700000,1.09153318077803,71.5
"Spain","2007",436,45200000,0.964601769911504,70
"Spain","2008",450,4.6e+07,0.978260869565218,72.9
"Spain","2009",423,46400000,0.911637931034483,62
"Spain","2010",395,46600000,0.847639484978541,61.9
"Spain","2011",396,46700000,0.84796573875803,65.2
"Spain","2012",363,46800000,0.775641025641026,62.9
"Spain","2013",350,46600000,0.75107296137339,61.5
"Spain","2014",348,46500000,0.748387096774194,64.6
"Spain","2015",324,46400000,0.698275862068966,63.8
"Spain","2016",324,46500000,0.696774193548387,63.2
"Spain","2017",328,46600000,0.703862660944206,62.3
"Spain","2018",334,46800000,0.713675213675214,65.1
"Spain","2019",335,47100000,0.711252653927813,64.6
"Estonia","2006",135,1350000,10,53.7
"Estonia","2007",128,1340000,9.55223880597015,53.3
"Estonia","2008",109,1340000,8.13432835820896,54.5
"Estonia","2009",95.7,1330000,7.19548872180451,51.4
"Estonia","2011",78.5,1330000,5.90225563909774,54.9
"Estonia","2012",73.5,1320000,5.56818181818182,53.6
"Estonia","2013",67.3,1320000,5.09848484848485,53.7
"Estonia","2014",56.9,1310000,4.34351145038168,55.6
"Estonia","2015",54.5,1310000,4.16030534351145,56.3
"Estonia","2016",51.5,1320000,3.90151515151515,56.5
"Estonia","2017",57.2,1320000,4.33333333333333,59.4
"Estonia","2018",58.1,1320000,4.40151515151515,60.9
"Estonia","2019",58.5,1330000,4.3984962406015,60.4
"Ethiopia","2012",6630,94500000,7.01587301587302,45.6
"Ethiopia","2013",6390,97100000,6.58084449021627,44.5
"Ethiopia","2014",6520,99700000,6.53961885656971,45.1
"Ethiopia","2015",6620,1.02e+08,6.49019607843137,45.7
"Ethiopia","2016",6910,1.05e+08,6.58095238095238,43
"Ethiopia","2017",7210,1.08e+08,6.67592592592593,41.8
"Ethiopia","2018",7370,1.11e+08,6.63963963963964,43.8
"Ethiopia","2019",7180,1.14e+08,6.29824561403509,41
"Finland","2006",125,5270000,2.3719165085389,76.7
"Finland","2008",130,5310000,2.44821092278719,76.7
"Finland","2010",109,5360000,2.03358208955224,73.9
"Finland","2011",107,5390000,1.98515769944341,73.5
"Finland","2012",87,5410000,1.60813308687616,74.2
"Finland","2013",88.7,5440000,1.63051470588235,74.5
"Finland","2014",91.4,5460000,1.67399267399267,73.8
"Finland","2015",86,5480000,1.56934306569343,74.5
"Finland","2016",79.5,5500000,1.44545454545455,76.6
"Finland","2017",82.5,5510000,1.497277676951,77.9
"Finland","2018",82.7,5520000,1.4981884057971,78.6
"Finland","2019",82.5,5520000,1.4945652173913,77.8
"France","2005",630,60500000,1.04132231404959,70.9
"France","2006",624,60900000,1.02463054187192,65.8
"France","2008",616,61700000,0.99837925445705,70.1
"France","2009",632,62100000,1.01771336553945,62.8
"France","2010",594,62400000,0.951923076923077,68
"France","2011",604,62800000,0.961783439490446,69.6
"France","2012",612,63100000,0.969889064976228,66.5
"France","2013",585,63300000,0.924170616113744,66.7
"France","2014",534,63600000,0.839622641509434,64.7
"France","2015",551,63800000,0.863636363636364,63.6
"France","2016",527,6.4e+07,0.8234375,64.8
"France","2017",531,64100000,0.828393135725429,66.3
"France","2018",536,64300000,0.833592534992224,66.7
"France","2019",538,64400000,0.835403726708075,66.9
"Gabon","2011",70.8,1770000,4,42.5
"Gabon","2012",71.2,1840000,3.8695652173913,39.7
"Gabon","2013",71.2,1900000,3.74736842105263,38
"Gabon","2014",72.7,1970000,3.69035532994924,39.2
"Gabon","2015",73.9,2030000,3.64039408866995,46.6
"Gabon","2016",74.9,2090000,3.58373205741627,48.3
"Gabon","2017",75.2,2140000,3.51401869158878,47.8
"Gabon","2018",75.7,2190000,3.45662100456621,47.8
"Gabon","2019",76.3,2240000,3.40625,49.1
"UK","2005",527,60400000,0.872516556291391,69.8
"UK","2007",454,61300000,0.740619902120718,68
"UK","2008",427,61700000,0.692058346839546,69.9
"UK","2009",408,62200000,0.655948553054662,69.1
"UK","2010",376,62800000,0.598726114649682,70.3
"UK","2011",389,63300000,0.614533965244866,68.7
"UK","2012",361,63800000,0.565830721003135,68.8
"UK","2013",345,64300000,0.536547433903577,69.2
"UK","2014",340,64800000,0.524691358024691,67.6
"UK","2015",322,65200000,0.493865030674847,65.2
"UK","2016",306,65700000,0.465753424657534,68.2
"UK","2017",300,66100000,0.453857791225416,71
"UK","2018",333,66400000,0.501506024096386,72.3
"UK","2019",339,66800000,0.50748502994012,71.6
"Georgia","2006",200,3930000,5.08905852417303,36.8
"Georgia","2007",186,3910000,4.75703324808184,37.1
"Georgia","2008",182,3880000,4.69072164948454,41.6
"Georgia","2009",143,3860000,3.70466321243523,38
"Georgia","2010",168,3840000,4.375,41
"Georgia","2011",138,3820000,3.61256544502618,42
"Georgia","2012",118,3800000,3.10526315789474,42.5
"Georgia","2013",120,3790000,3.16622691292876,43.5
"Georgia","2014",142,3770000,3.76657824933687,42.9
"Georgia","2015",142,3770000,3.76657824933687,41.2
"Georgia","2016",130,3770000,3.44827586206897,44.5
"Georgia","2017",129,3770000,3.42175066312997,44.5
"Georgia","2018",127,3770000,3.36870026525199,46.6
"Georgia","2019",125,3770000,3.315649867374,48.9
"Ghana","2006",878,23100000,3.8008658008658,45.4
"Ghana","2007",870,23700000,3.67088607594937,52.2
"Ghana","2008",881,24300000,3.62551440329218,49.6
"Ghana","2009",812,2.5e+07,3.248,42
"Ghana","2010",802,25600000,3.1328125,46.1
"Ghana","2011",795,26200000,3.03435114503817,56.1
"Ghana","2012",788,26900000,2.92936802973978,50.6
"Ghana","2013",794,27500000,2.88727272727273,49.6
"Ghana","2014",806,28200000,2.85815602836879,38.6
"Ghana","2015",811,28900000,2.80622837370242,39.9
"Ghana","2016",820,29600000,2.77027027027027,45.1
"Ghana","2017",813,30200000,2.69205298013245,54.8
"Ghana","2018",791,30900000,2.55987055016181,50
"Ghana","2019",774,31500000,2.45714285714286,49.7
"Guinea","2011",808,10500000,7.6952380952381,40.5
"Guinea","2012",797,10800000,7.37962962962963,36.5
"Guinea","2013",933,11100000,8.4054054054054,39
"Guinea","2014",875,11300000,7.74336283185841,34.1
"Guinea","2015",903,11600000,7.78448275862069,35
"Guinea","2016",931,11900000,7.82352941176471,36
"Guinea","2017",952,12200000,7.80327868852459,48.7
"Guinea","2018",977,12600000,7.75396825396825,52.5
"Guinea","2019",987,12900000,7.65116279069767,47.7
"Gambia","2017",14.3,2380000,0.600840336134454,41.2
"Gambia","2018",14.2,2440000,0.581967213114754,49.2
"Gambia","2019",15.4,2510000,0.613545816733068,51.6
"Greece","2005",120,11100000,1.08108108108108,60.1
"Greece","2007",132,11100000,1.18918918918919,66.5
"Greece","2009",159,11100000,1.43243243243243,60.4
"Greece","2010",161,1.1e+07,1.46363636363636,58.4
"Greece","2011",167,1.1e+07,1.51818181818182,53.7
"Greece","2012",165,1.1e+07,1.5,51
"Greece","2013",150,10900000,1.37614678899083,47.2
"Greece","2014",144,10900000,1.32110091743119,47.6
"Greece","2015",124,10800000,1.14814814814815,56.2
"Greece","2016",130,10700000,1.21495327102804,53
"Greece","2017",128,10700000,1.19626168224299,51.5
"Greece","2018",137,10600000,1.29245283018868,54.1
"Greece","2019",130,10600000,1.22641509433962,59.5
"Guatemala","2006",6950,13400000,51.865671641791,59
"Guatemala","2007",6770,13700000,49.4160583941606,63.3
"Guatemala","2008",7300,1.4e+07,52.1428571428571,64.1
"Guatemala","2009",8160,14300000,57.0629370629371,64.5
"Guatemala","2010",6990,14500000,48.2068965517241,62.9
"Guatemala","2011",6110,14800000,41.2837837837838,57.4
"Guatemala","2012",5630,15100000,37.2847682119205,58.6
"Guatemala","2013",5550,15400000,36.038961038961,59.9
"Guatemala","2014",5430,15700000,34.5859872611465,65.4
"Guatemala","2015",5380,1.6e+07,33.625,64.7
"Guatemala","2016",5290,16300000,32.4539877300613,63.6
"Guatemala","2017",5330,16600000,32.1084337349398,63.3
"Guatemala","2018",5960,16900000,35.2662721893491,66.3
"Guatemala","2019",6290,17100000,36.7836257309942,62.6
"Guyana","2007",162,757000,21.4002642007926,59.9
"Honduras","2006",2920,7750000,37.6774193548387,54
"Honduras","2007",3110,7920000,39.2676767676768,51
"Honduras","2008",3280,8100000,40.4938271604938,54.2
"Honduras","2009",3420,8280000,41.304347826087,60.3
"Honduras","2010",3530,8450000,41.7751479289941,58.7
"Honduras","2011",3380,8620000,39.2111368909513,49.6
"Honduras","2012",7650,8790000,87.0307167235495,46
"Honduras","2013",7430,8960000,82.9241071428571,47.1
"Honduras","2014",7480,9130000,81.9277108433735,50.6
"Honduras","2015",8120,9290000,87.4058127018299,48.5
"Honduras","2016",3230,9460000,34.1437632135307,56.5
"Honduras","2017",3240,9630000,33.6448598130841,60.2
"Honduras","2018",3280,9790000,33.5035750766088,59.1
"Honduras","2019",3320,9960000,33.3333333333333,59.3
"Croatia","2007",71.5,4410000,1.62131519274376,58.2
"Croatia","2009",61.9,4380000,1.41324200913242,54.3
"Croatia","2010",58.6,4370000,1.34096109839817,56
"Croatia","2011",54.7,4350000,1.25747126436782,53.9
"Croatia","2012",56.3,4330000,1.30023094688222,60.3
"Croatia","2013",49.3,4310000,1.14385150812065,58.9
"Croatia","2014",43.5,4280000,1.01635514018692,53.8
"Croatia","2015",44.6,4250000,1.04941176470588,52
"Croatia","2016",48.1,4220000,1.13981042654028,54.2
"Croatia","2017",45.6,4190000,1.08830548926014,53.4
"Croatia","2018",46,4160000,1.10576923076923,55.4
"Croatia","2019",47.2,4130000,1.14285714285714,56.3
"Haiti","2006",2680,9270000,28.9104638619202,37.5
"Haiti","2008",2820,9580000,29.4363256784969,38.5
"Haiti","2010",2880,9840000,29.2682926829268,37.7
"Haiti","2011",3000,9950000,30.1507537688442,48.5
"Haiti","2012",3080,10100000,30.4950495049505,44.1
"Haiti","2013",3170,10300000,30.7766990291262,46.2
"Haiti","2014",3250,10400000,31.25,38.9
"Haiti","2015",3330,10600000,31.4150943396226,35.7
"Haiti","2016",3380,10700000,31.588785046729,33.5
"Haiti","2017",3430,10900000,31.4678899082569,38.2
"Haiti","2018",3480,1.1e+07,31.6363636363636,36.1
"Hungary","2005",214,10100000,2.11881188118812,51.9
"Hungary","2007",207,1e+07,2.07,49.5
"Hungary","2009",188,1e+07,1.88,49
"Hungary","2010",174,9990000,1.74174174174174,47.3
"Hungary","2011",184,9950000,1.84924623115578,49.2
"Hungary","2012",182,9920000,1.83467741935484,46.8
"Hungary","2013",167,9890000,1.68857431749242,49.1
"Hungary","2014",149,9870000,1.5096251266464,51.8
"Hungary","2015",166,9840000,1.6869918699187,53.4
"Hungary","2016",143,9820000,1.45621181262729,54.5
"Hungary","2017",126,9790000,1.28702757916241,60.6
"Hungary","2018",143,9780000,1.46216768916155,59.4
"Hungary","2019",144,9770000,1.47389969293756,60
"Indonesia","2006",2770,2.32e+08,1.19396551724138,49.5
"Indonesia","2007",2670,2.35e+08,1.13617021276596,51
"Indonesia","2008",2600,2.38e+08,1.09243697478992,48.1
"Indonesia","2009",2540,2.41e+08,1.05394190871369,54.7
"Indonesia","2010",2460,2.44e+08,1.00819672131148,54.6
"Indonesia","2011",2410,2.47e+08,0.975708502024291,51.7
"Indonesia","2012",2390,2.5e+08,0.956,53.7
"Indonesia","2013",2370,2.53e+08,0.936758893280632,52.9
"Indonesia","2014",2330,2.56e+08,0.91015625,56
"Indonesia","2015",2310,2.59e+08,0.891891891891892,50.4
"Indonesia","2016",2300,2.62e+08,0.877862595419847,51.4
"Indonesia","2017",2290,2.64e+08,0.867424242424242,51
"Indonesia","2018",2270,2.67e+08,0.850187265917603,53.4
"Indonesia","2019",2260,2.7e+08,0.837037037037037,53.5
"India","2006",44200,1.17e+09,3.77777777777778,53.5
"India","2007",44100,1.19e+09,3.70588235294118,50.3
"India","2008",44500,1.21e+09,3.67768595041322,51.5
"India","2009",43100,1.22e+09,3.5327868852459,45.2
"India","2010",42600,1.24e+09,3.43548387096774,49.9
"India","2011",42200,1.26e+09,3.34920634920635,46.4
"India","2012",39500,1.27e+09,3.11023622047244,47.2
"India","2013",39200,1.29e+09,3.03875968992248,44.3
"India","2014",38200,1.31e+09,2.91603053435114,44.2
"India","2015",38800,1.32e+09,2.93939393939394,43.4
"India","2016",39200,1.34e+09,2.92537313432836,41.8
"India","2017",39500,1.35e+09,2.92592592592593,40.5
"India","2018",40400,1.37e+09,2.94890510948905,38.2
"India","2019",41000,1.38e+09,2.97101449275362,32.5
"Ireland","2006",45.7,4230000,1.08037825059102,71.4
"Ireland","2008",49.9,4450000,1.12134831460674,75.7
"Ireland","2009",56.9,4500000,1.26444444444444,70.5
"Ireland","2010",49.1,4520000,1.08628318584071,72.6
"Ireland","2011",40.2,4540000,0.885462555066079,70.1
"Ireland","2012",42.8,4560000,0.93859649122807,69.7
"Ireland","2013",35.7,4590000,0.777777777777778,67.6
"Ireland","2014",35.8,4620000,0.774891774891775,70.2
"Ireland","2015",29.6,4670000,0.633832976445396,68.3
"Ireland","2016",31.1,4720000,0.658898305084746,70.4
"Ireland","2017",31.4,4770000,0.658280922431866,70.6
"Ireland","2018",31.8,4830000,0.658385093167702,69.6
"Ireland","2019",31.7,4900000,0.646938775510204,72.5
"Iran","2005",2010,70200000,2.86324786324786,53.1
"Iran","2007",2160,72300000,2.98755186721992,53.4
"Iran","2008",2290,73300000,3.12414733969986,51.3
"Iran","2011",2500,76300000,3.27653997378768,47.7
"Iran","2012",2530,77300000,3.27296248382924,46.1
"Iran","2013",2560,78500000,3.26114649681529,51.4
"Iran","2014",2550,8e+07,3.1875,46.8
"Iran","2015",2530,81800000,3.09290953545232,47.5
"Iran","2016",2460,83300000,2.953181272509,46.5
"Iran","2017",2350,84500000,2.7810650887574,47.2
"Iran","2018",2270,85600000,2.6518691588785,42.8
"Iran","2019",2210,86600000,2.55196304849885,50.1
"Iraq","2008",3790,29200000,12.9794520547945,45.9
"Iraq","2009",4110,30300000,13.5643564356436,47.8
"Iraq","2010",4370,31300000,13.961661341853,50.6
"Iraq","2011",4580,32400000,14.1358024691358,47.3
"Iraq","2012",4820,33900000,14.2182890855457,46.6
"Iraq","2013",4900,35500000,13.8028169014085,47.3
"Iraq","2014",5010,36700000,13.6512261580381,45.4
"Iraq","2015",4990,37800000,13.2010582010582,44.9
"Iraq","2016",5020,38700000,12.9715762273902,44.1
"Iraq","2017",5010,39600000,12.6515151515152,44.6
"Iraq","2018",4890,40600000,12.0443349753695,48.9
"Iceland","2008",2.52,318000,0.792452830188679,68.9
"Iceland","2012",2.45,321000,0.763239875389408,75.9
"Iceland","2013",2.38,324000,0.734567901234568,75
"Iceland","2015",2.31,331000,0.697885196374622,75
"Iceland","2016",2.39,336000,0.711309523809524,75.1
"Iceland","2017",2.68,344000,0.77906976744186,74.8
"Iceland","2019",2.35,361000,0.650969529085873,75.3
"Israel","2006",238,6830000,3.48462664714495,71.7
"Israel","2007",196,6950000,2.82014388489209,68.4
"Israel","2008",187,7070000,2.64497878359265,72.6
"Israel","2009",192,7200000,2.66666666666667,73.5
"Israel","2010",197,7330000,2.68758526603001,73.6
"Israel","2011",195,7460000,2.61394101876676,74.3
"Israel","2012",174,7590000,2.29249011857708,71.1
"Israel","2013",173,7730000,2.23803363518758,73.2
"Israel","2014",170,7860000,2.16284987277354,74
"Israel","2015",180,8010000,2.24719101123596,70.8
"Israel","2016",165,8160000,2.02205882352941,71.6
"Israel","2017",175,8310000,2.10589651022864,73.3
"Israel","2018",180,8460000,2.12765957446809,69.3
"Israel","2019",184,8610000,2.13704994192799,73.3
"Italy","2005",667,58200000,1.14604810996564,68.5
"Italy","2007",673,58800000,1.14455782312925,65.7
"Italy","2008",626,59200000,1.05743243243243,67.8
"Italy","2009",619,59600000,1.03859060402685,63.3
"Italy","2010",577,59800000,0.964882943143813,63.5
"Italy","2011",561,6e+07,0.935,60.6
"Italy","2012",559,60200000,0.928571428571429,58.4
"Italy","2013",526,60300000,0.872305140961857,60.1
"Italy","2014",482,60300000,0.799336650082919,60.3
"Italy","2015",500,60200000,0.830564784053156,58.5
"Italy","2016",475,60100000,0.790349417637271,59.5
"Italy","2017",482,6e+07,0.803333333333333,62
"Italy","2018",488,59900000,0.814691151919866,65.2
"Italy","2019",488,59700000,0.817420435510888,64.5
"Jamaica","2006",577,2690000,21.4498141263941,62.1
"Jamaica","2011",662,2750000,24.0727272727273,53.7
"Jamaica","2013",292,2770000,10.5415162454874,57.1
"Jamaica","2014",270,2780000,9.71223021582734,53.1
"Jamaica","2017",393,2810000,13.9857651245552,58.9
"Jamaica","2019",420,2810000,14.9466192170818,63.1
"Jordan","2005",240,5680000,4.22535211267606,63
"Jordan","2007",237,6470000,3.66306027820711,56
"Jordan","2008",246,6630000,3.710407239819,49.3
"Jordan","2009",244,6780000,3.59882005899705,60
"Jordan","2010",245,6930000,3.53535353535354,55.7
"Jordan","2011",249,7110000,3.50210970464135,55.4
"Jordan","2012",263,7210000,3.64771151178918,51.3
"Jordan","2013",274,7690000,3.5630689206762,51.7
"Jordan","2014",284,8660000,3.27944572748268,53.3
"Jordan","2015",297,9490000,3.12961011591149,54
"Jordan","2016",314,9960000,3.15261044176707,52.7
"Jordan","2017",325,10200000,3.18627450980392,48.1
"Jordan","2018",340,10500000,3.23809523809524,46.4
"Jordan","2019",352,10700000,3.28971962616822,44.5
"Japan","2005",987,1.28e+08,0.77109375,65.2
"Japan","2007",911,1.28e+08,0.71171875,62.4
"Japan","2008",896,1.28e+08,0.7,59.1
"Japan","2009",851,1.28e+08,0.66484375,58.5
"Japan","2010",828,1.28e+08,0.646875,60.6
"Japan","2011",780,1.28e+08,0.609375,62.6
"Japan","2012",746,1.28e+08,0.5828125,59.7
"Japan","2013",724,1.28e+08,0.565625,59.6
"Japan","2014",741,1.27e+08,0.583464566929134,59.2
"Japan","2015",718,1.27e+08,0.565354330708661,58.8
"Japan","2016",706,1.27e+08,0.555905511811024,59.5
"Japan","2017",685,1.27e+08,0.539370078740158,59.1
"Japan","2018",682,1.26e+08,0.541269841269841,57.9
"Japan","2019",716,1.26e+08,0.568253968253968,59.1
"Kazakhstan","2006",3050,15800000,19.3037974683544,54.8
"Kazakhstan","2007",2890,1.6e+07,18.0625,57.2
"Kazakhstan","2008",2650,16200000,16.358024691358,58.9
"Kazakhstan","2009",2340,16400000,14.2682926829268,53.8
"Kazakhstan","2010",2250,16600000,13.5542168674699,55.1
"Kazakhstan","2011",2220,16900000,13.1360946745562,57.4
"Kazakhstan","2012",2100,17100000,12.280701754386,57.6
"Kazakhstan","2013",1890,17300000,10.9248554913295,58.4
"Kazakhstan","2014",1710,17600000,9.71590909090909,59.7
"Kazakhstan","2015",1740,17800000,9.7752808988764,59.5
"Kazakhstan","2016",1720,18100000,9.50276243093923,55.3
"Kazakhstan","2017",1550,18300000,8.46994535519126,58.8
"Kazakhstan","2018",1670,18500000,9.02702702702703,60.1
"Kazakhstan","2019",1750,18800000,9.30851063829787,62.7
"Kenya","2006",3590,36900000,9.7289972899729,42.2
"Kenya","2007",3550,3.8e+07,9.34210526315789,45.8
"Kenya","2008",4100,39200000,10.4591836734694,40.1
"Kenya","2009",3910,40400000,9.67821782178218,42.7
"Kenya","2010",3950,41500000,9.51807228915663,42.6
"Kenya","2011",4100,42600000,9.62441314553991,44
"Kenya","2012",4300,43700000,9.83981693363844,45.5
"Kenya","2013",4300,44800000,9.59821428571428,38
"Kenya","2014",4360,45800000,9.51965065502183,49
"Kenya","2015",4440,46900000,9.46695095948827,43.6
"Kenya","2016",4400,47900000,9.18580375782881,44
"Kenya","2017",4480,48900000,9.16155419222904,44.8
"Kenya","2018",4560,5e+07,9.12,46.6
"Kenya","2019",4610,5.1e+07,9.03921568627451,46.2
"Kyrgyz Republic","2006",421,5250000,8.01904761904762,46.4
"Kyrgyz Republic","2007",408,5290000,7.71266540642722,47
"Kyrgyz Republic","2008",398,5350000,7.4392523364486,47.4
"Kyrgyz Republic","2009",393,5410000,7.26432532347505,50.7
"Kyrgyz Republic","2010",410,5480000,7.48175182481752,50
"Kyrgyz Republic","2011",378,5550000,6.81081081081081,49.2
"Kyrgyz Republic","2012",340,5630000,6.03907637655417,52.1
"Kyrgyz Republic","2013",319,5720000,5.57692307692308,54
"Kyrgyz Republic","2014",293,5810000,5.04302925989673,52.5
"Kyrgyz Republic","2015",295,5910000,4.99153976311337,49
"Kyrgyz Republic","2016",257,6020000,4.26910299003322,48.6
"Kyrgyz Republic","2017",247,6120000,4.0359477124183,56.3
"Kyrgyz Republic","2018",284,6220000,4.56591639871383,53
"Kyrgyz Republic","2019",297,6320000,4.69936708860759,56.9
"Cambodia","2006",460,13500000,3.40740740740741,35.7
"Cambodia","2007",470,13700000,3.43065693430657,41.6
"Cambodia","2008",473,13900000,3.40287769784173,44.6
"Cambodia","2009",479,14200000,3.37323943661972,41.1
"Cambodia","2010",495,14400000,3.4375,41.4
"Cambodia","2011",498,14600000,3.41095890410959,41.6
"Cambodia","2012",513,14800000,3.46621621621622,39
"Cambodia","2013",513,1.5e+07,3.42,36.7
"Cambodia","2014",514,15200000,3.38157894736842,38.8
"Cambodia","2015",514,15400000,3.33766233766234,41.6
"Cambodia","2016",514,15600000,3.2948717948718,44.6
"Cambodia","2017",505,15800000,3.19620253164557,45.9
"Cambodia","2018",501,1.6e+07,3.13125,51.2
"Cambodia","2019",495,16200000,3.05555555555556,50
"South Korea","2006",1230,4.8e+07,2.5625,53.3
"South Korea","2007",1190,48200000,2.46887966804979,57.7
"South Korea","2008",1130,48400000,2.33471074380165,53.9
"South Korea","2009",1070,48600000,2.20164609053498,56.5
"South Korea","2010",1010,48800000,2.06967213114754,61.2
"South Korea","2011",949,49200000,1.92886178861789,69.5
"South Korea","2012",891,49600000,1.79637096774194,60
"South Korea","2013",843,50100000,1.68263473053892,59.6
"South Korea","2014",796,50600000,1.57312252964427,58
"South Korea","2015",761,5.1e+07,1.4921568627451,57.8
"South Korea","2016",737,51300000,1.43664717348928,59.7
"South Korea","2017",738,51500000,1.43300970873786,58.7
"South Korea","2018",741,51700000,1.43326885880077,58.4
"South Korea","2019",746,51800000,1.44015444015444,59
"Kuwait","2006",42.8,2360000,1.8135593220339,60.8
"Kuwait","2009",35,2800000,1.25,65.8
"Kuwait","2010",31,2940000,1.05442176870748,68
"Kuwait","2011",25.4,3140000,0.808917197452229,63.8
"Kuwait","2012",24,3390000,0.707964601769911,62.2
"Kuwait","2013",24.9,3650000,0.682191780821918,64.8
"Kuwait","2014",31.2,3760000,0.829787234042553,61.8
"Kuwait","2015",34,3910000,0.869565217391304,61.5
"Kuwait","2016",36.3,4050000,0.896296296296296,59.5
"Kuwait","2017",38.1,4120000,0.924757281553398,60.9
"Kuwait","2019",41.8,4440000,0.941441441441441,61.1
"Lao","2006",771,5950000,12.9579831932773,50.8
"Lao","2007",769,6040000,12.7317880794702,53.6
"Lao","2008",771,6140000,12.557003257329,50.4
"Lao","2011",754,6420000,11.7445482866044,47
"Lao","2012",750,6510000,11.5207373271889,48.8
"Lao","2017",576,7e+06,8.22857142857143,46.2
"Lao","2018",569,7110000,8.0028129395218,48.6
"Lao","2019",560,7210000,7.76699029126214,52
"Lebanon","2005",174,4640000,3.75,54.9
"Lebanon","2006",173,4720000,3.66525423728814,46.5
"Lebanon","2008",214,4890000,4.37627811860941,46
"Lebanon","2009",174,4950000,3.51515151515152,52.1
"Lebanon","2010",176,5e+06,3.52,50.3
"Lebanon","2011",186,5050000,3.68316831683168,51.9
"Lebanon","2012",262,5180000,5.05791505791506,45.7
"Lebanon","2013",353,5680000,6.21478873239437,49.8
"Lebanon","2014",304,6270000,4.84848484848485,52.3
"Lebanon","2015",346,6400000,5.40625,51.7
"Lebanon","2016",257,6260000,4.10543130990415,52.7
"Lebanon","2017",443,6110000,7.25040916530278,51.5
"Lebanon","2018",218,5950000,3.66386554621849,51.7
"Lebanon","2019",216,5780000,3.73702422145329,40.2
"Liberia","2007",83,3630000,2.28650137741047,37
"Liberia","2008",88.1,3780000,2.33068783068783,42.2
"Liberia","2010",108,4020000,2.6865671641791,42
"Liberia","2014",115,4520000,2.54424778761062,45.7
"Liberia","2015",115,4610000,2.49457700650759,27
"Liberia","2016",116,4710000,2.46284501061571,33.5
"Liberia","2017",116,4800000,2.41666666666667,44.2
"Liberia","2018",120,4890000,2.45398773006135,41.4
"Liberia","2019",127,4990000,2.54509018036072,51.2
"Libya","2012",487,5870000,8.29642248722317,57.5
"Libya","2015",1320,6190000,21.3247172859451,56.1
"Libya","2016",709,6280000,11.2898089171975,54.3
"Libya","2017",810,6380000,12.6959247648903,56.5
"Libya","2018",740,6480000,11.4197530864198,54.9
"Libya","2019",130,6570000,1.97869101978691,53.3
"Sri Lanka","2006",1250,19900000,6.28140703517588,43.5
"Sri Lanka","2007",1100,20100000,5.4726368159204,44.1
"Sri Lanka","2008",1000,20300000,4.92610837438424,44.3
"Sri Lanka","2009",881,20500000,4.29756097560976,42.1
"Sri Lanka","2010",789,20700000,3.81159420289855,39.8
"Sri Lanka","2011",768,20900000,3.67464114832536,41.8
"Sri Lanka","2012",730,2.1e+07,3.47619047619048,42.3
"Sri Lanka","2013",699,21100000,3.31279620853081,43.6
"Sri Lanka","2014",694,21200000,3.27358490566038,42.7
"Sri Lanka","2015",708,21300000,3.32394366197183,46.1
"Sri Lanka","2017",732,21500000,3.4046511627907,43.3
"Sri Lanka","2018",758,21600000,3.50925925925926,44.4
"Sri Lanka","2019",768,21600000,3.55555555555556,42.1
"Lesotho","2011",703,2040000,34.4607843137255,49
"Lesotho","2016",724,2140000,33.8317757009346,38.1
"Lesotho","2017",725,2170000,33.4101382488479,38
"Lesotho","2019",752,2230000,33.7219730941704,35.1
"Lithuania","2006",379,3320000,11.4156626506024,59.5
"Lithuania","2007",372,3270000,11.3761467889908,58.1
"Lithuania","2008",357,3220000,11.0869565217391,55.5
"Lithuania","2009",279,3180000,8.77358490566038,54.7
"Lithuania","2010",264,3140000,8.40764331210191,50.7
"Lithuania","2011",244,3100000,7.87096774193548,54.3
"Lithuania","2012",216,3060000,7.05882352941176,57.7
"Lithuania","2013",212,3030000,6.996699669967,56
"Lithuania","2014",189,2990000,6.32107023411371,61.3
"Lithuania","2015",186,2960000,6.28378378378378,57.1
"Lithuania","2016",165,2930000,5.63139931740614,58.7
"Lithuania","2017",133,2900000,4.58620689655172,62.7
"Lithuania","2018",149,2880000,5.17361111111111,63.1
"Lithuania","2019",150,2850000,5.26315789473684,60.6
"Luxembourg","2009",6.11,498000,1.22690763052209,69.6
"Luxembourg","2010",5.97,507000,1.17751479289941,71
"Luxembourg","2011",6.15,518000,1.18725868725869,71
"Luxembourg","2012",6.09,531000,1.14689265536723,69.6
"Luxembourg","2013",6.02,543000,1.10865561694291,71.3
"Luxembourg","2014",6.18,556000,1.11151079136691,68.9
"Luxembourg","2015",6.32,569000,1.11072056239016,67
"Luxembourg","2016",6.19,583000,1.06174957118353,69.7
"Luxembourg","2017",6.51,596000,1.09228187919463,70.6
"Luxembourg","2018",6.65,608000,1.09375,72.4
"Luxembourg","2019",6.79,620000,1.09516129032258,74
"Latvia","2006",268,2200000,12.1818181818182,47.1
"Latvia","2007",231,2180000,10.5963302752294,46.7
"Latvia","2008",223,2150000,10.3720930232558,51.5
"Latvia","2009",188,2130000,8.82629107981221,46.7
"Latvia","2011",166,2080000,7.98076923076923,49.7
"Latvia","2012",158,2050000,7.70731707317073,51.3
"Latvia","2013",158,2030000,7.78325123152709,50.7
"Latvia","2014",163,2010000,8.10945273631841,57.3
"Latvia","2015",139,1990000,6.98492462311558,58.8
"Latvia","2016",138,1970000,7.00507614213198,59.4
"Latvia","2017",137,1950000,7.02564102564102,59.8
"Latvia","2018",136,1940000,7.01030927835052,59
"Latvia","2019",136,1920000,7.08333333333333,59.7
"Morocco","2010",446,32500000,1.37230769230769,43.8
"Morocco","2011",439,32900000,1.33434650455927,50.9
"Morocco","2012",429,33400000,1.28443113772455,49.7
"Morocco","2013",393,33800000,1.16272189349112,51.4
"Morocco","2015",385,34700000,1.10951008645533,51.6
"Morocco","2016",378,35100000,1.07692307692308,53.9
"Morocco","2017",369,35500000,1.03943661971831,53.1
"Morocco","2018",360,35900000,1.00278551532033,49
"Morocco","2019",350,36300000,0.964187327823691,50.6
"Moldova","2006",395,3940000,10.0253807106599,51
"Moldova","2007",380,3880000,9.79381443298969,47.8
"Moldova","2008",369,3810000,9.68503937007874,55
"Moldova","2009",346,3750000,9.22666666666667,55.5
"Moldova","2010",343,3680000,9.32065217391304,55.9
"Moldova","2011",285,3600000,7.91666666666667,57.9
"Moldova","2012",282,3510000,8.03418803418803,60
"Moldova","2013",283,3420000,8.27485380116959,57.6
"Moldova","2014",260,3340000,7.78443113772455,59.2
"Moldova","2015",240,3280000,7.31707317073171,60.2
"Moldova","2016",230,3230000,7.12074303405573,55.8
"Moldova","2017",174,3180000,5.47169811320755,53.3
"Moldova","2018",204,3140000,6.4968152866242,56.8
"Moldova","2019",208,3110000,6.68810289389068,58
"Madagascar","2006",473,19400000,2.43814432989691,39.8
"Madagascar","2008",479,20500000,2.33658536585366,46.4
"Madagascar","2011",478,22300000,2.14349775784753,43.8
"Madagascar","2012",477,2.3e+07,2.07391304347826,35.5
"Madagascar","2013",476,23600000,2.01694915254237,38.2
"Madagascar","2014",483,24200000,1.99586776859504,36.8
"Madagascar","2015",490,24900000,1.96787148594378,35.9
"Madagascar","2016",494,25500000,1.93725490196078,36.6
"Madagascar","2017",503,26200000,1.91984732824427,40.8
"Madagascar","2018",517,26800000,1.92910447761194,40.7
"Madagascar","2019",517,27500000,1.88,43.4
"Maldives","2018",9.9,490000,2.02040816326531,52
"Mexico","2005",12500,1.05e+08,11.9047619047619,65.8
"Mexico","2007",12600,1.08e+08,11.6666666666667,65.3
"Mexico","2008",16000,1.1e+08,14.5454545454545,68.3
"Mexico","2009",19200,1.11e+08,17.2972972972973,69.6
"Mexico","2010",21200,1.13e+08,18.7610619469027,68
"Mexico","2011",23200,1.14e+08,20.3508771929825,69.1
"Mexico","2012",23200,1.16e+08,20,73.2
"Mexico","2013",23300,1.17e+08,19.9145299145299,74.4
"Mexico","2014",22600,1.19e+08,18.9915966386555,66.8
"Mexico","2015",23500,1.2e+08,19.5833333333333,62.4
"Mexico","2016",26000,1.22e+08,21.3114754098361,68.2
"Mexico","2017",31500,1.23e+08,25.609756097561,64.1
"Mexico","2018",31300,1.24e+08,25.241935483871,65.5
"Mexico","2019",30700,1.25e+08,24.56,64.3
"North Macedonia","2007",63.3,2080000,3.04326923076923,44.9
"North Macedonia","2009",54,2090000,2.58373205741627,44.3
"North Macedonia","2010",51,2090000,2.44019138755981,41.8
"North Macedonia","2011",47.6,2100000,2.26666666666667,49
"North Macedonia","2012",46.6,2100000,2.21904761904762,46.4
"North Macedonia","2013",44.5,2100000,2.11904761904762,51.9
"North Macedonia","2014",44.5,2110000,2.10900473933649,52
"North Macedonia","2015",44.5,2110000,2.10900473933649,49.8
"North Macedonia","2016",44.7,2110000,2.11848341232227,53.5
"North Macedonia","2017",44.4,2110000,2.1042654028436,52.3
"North Macedonia","2018",45,2110000,2.13270142180095,52.4
"North Macedonia","2019",43.6,2110000,2.06635071090047,50.1
"Mali","2006",1110,13600000,8.16176470588235,40.1
"Mali","2008",1220,14600000,8.35616438356164,41.1
"Mali","2009",1290,1.5e+07,8.6,39.8
"Mali","2010",1340,15500000,8.64516129032258,37.6
"Mali","2011",1360,1.6e+07,8.5,46.7
"Mali","2012",1500,16500000,9.09090909090909,43.1
"Mali","2013",1470,1.7e+07,8.64705882352941,36.8
"Mali","2014",1610,17600000,9.14772727272727,39.8
"Mali","2015",1670,18100000,9.22651933701657,45.8
"Mali","2016",1820,18700000,9.73262032085561,40.2
"Mali","2017",2050,19300000,10.6217616580311,47.4
"Mali","2018",2140,19900000,10.7537688442211,44.2
"Mali","2019",2310,20600000,11.2135922330097,49.9
"Malta","2009",5.64,416000,1.35576923076923,63.3
"Malta","2010",5.63,419000,1.3436754176611,57.7
"Malta","2011",5.57,424000,1.31367924528302,61.5
"Malta","2012",5.6,430000,1.30232558139535,59.6
"Malta","2013",5.39,438000,1.23059360730594,63.8
"Malta","2014",5.26,446000,1.17937219730942,64.5
"Malta","2015",5.15,457000,1.12691466083151,66.1
"Malta","2016",5.21,468000,1.11324786324786,65.9
"Malta","2017",5.07,479000,1.05845511482255,66.8
"Malta","2018",5.02,492000,1.02032520325203,69.1
"Malta","2019",4.96,504000,0.984126984126984,67.3
"Myanmar","2012",877,50200000,1.74701195219124,44.4
"Myanmar","2013",806,50600000,1.59288537549407,41.8
"Myanmar","2014",771,51100000,1.50880626223092,47.9
"Myanmar","2015",773,51500000,1.50097087378641,42.2
"Myanmar","2016",808,51900000,1.55684007707129,46.2
"Myanmar","2017",756,52300000,1.44550669216061,41.5
"Myanmar","2018",711,52700000,1.34914611005693,44.1
"Myanmar","2019",704,5.3e+07,1.32830188679245,44.3
"Montenegro","2007",27,632000,4.27215189873418,52
"Montenegro","2009",24.9,631000,3.94611727416799,48
"Montenegro","2010",24,631000,3.80348652931854,54.5
"Montenegro","2011",23.6,632000,3.73417721518987,52.2
"Montenegro","2012",23.3,633000,3.68088467614534,52.2
"Montenegro","2013",23,634000,3.62776025236593,50.7
"Montenegro","2014",22.8,634000,3.59621451104101,52.8
"Montenegro","2015",22.4,634000,3.53312302839117,51.3
"Montenegro","2016",22,633000,3.47551342812006,53
"Montenegro","2017",21.8,632000,3.4493670886076,56.1
"Montenegro","2018",21.6,631000,3.42313787638669,56.5
"Montenegro","2019",21.3,630000,3.38095238095238,53.9
"Mongolia","2007",321,2610000,12.2988505747126,46.1
"Mongolia","2008",306,2630000,11.6349809885932,44.9
"Mongolia","2010",300,2700000,11.1111111111111,45.9
"Mongolia","2011",302,2740000,11.021897810219,50.3
"Mongolia","2012",296,2790000,10.6093189964158,48.9
"Mongolia","2013",298,2850000,10.4561403508772,49.1
"Mongolia","2014",297,2900000,10.2413793103448,48.3
"Mongolia","2015",295,2960000,9.96621621621622,49.8
"Mongolia","2016",291,3030000,9.6039603960396,50.6
"Mongolia","2017",291,3100000,9.38709677419355,53.3
"Mongolia","2018",289,3160000,9.14556962025316,54.6
"Mongolia","2019",288,3230000,8.91640866873065,55.6
"Mozambique","2006",1280,20700000,6.18357487922705,46
"Mozambique","2007",1450,21300000,6.8075117370892,48.3
"Mozambique","2008",1500,21800000,6.88073394495413,46.5
"Mozambique","2011",1530,23800000,6.42857142857143,49.7
"Mozambique","2015",1670,26800000,6.23134328358209,45.5
"Mozambique","2017",1700,28600000,5.94405594405594,42.8
"Mozambique","2018",1740,29400000,5.91836734693878,46.5
"Mozambique","2019",1810,30300000,5.97359735973597,49.3
"Mauritania","2007",175,3150000,5.55555555555556,41.5
"Mauritania","2008",174,3230000,5.38699690402477,42.5
"Mauritania","2009",183,3320000,5.51204819277108,45
"Mauritania","2010",184,3420000,5.38011695906433,47.7
"Mauritania","2011",186,3520000,5.28409090909091,47.9
"Mauritania","2012",194,3640000,5.32967032967033,46.7
"Mauritania","2013",197,3740000,5.26737967914439,42
"Mauritania","2014",191,3840000,4.97395833333333,44.8
"Mauritania","2015",195,3950000,4.93670886075949,39.2
"Mauritania","2016",195,4050000,4.81481481481481,44.7
"Mauritania","2017",201,4160000,4.83173076923077,46.8
"Mauritania","2018",200,4270000,4.68384074941452,43.1
"Mauritania","2019",200,4380000,4.5662100456621,41.5
"Mauritius","2011",40.4,1290000,3.13178294573643,54.8
"Mauritius","2014",29.4,1290000,2.27906976744186,56.5
"Mauritius","2016",25.6,1290000,1.98449612403101,56.1
"Mauritius","2017",36.4,1290000,2.82170542635659,61.7
"Mauritius","2018",32.2,1300000,2.47692307692308,58.8
"Mauritius","2019",31.7,1300000,2.43846153846154,62.4
"Malawi","2006",392,13100000,2.99236641221374,38.3
"Malawi","2007",395,13500000,2.92592592592593,48.9
"Malawi","2009",390,14300000,2.72727272727273,51.5
"Malawi","2011",384,15100000,2.54304635761589,39.5
"Malawi","2012",371,15600000,2.37820512820513,42.8
"Malawi","2013",360,1.6e+07,2.25,40.4
"Malawi","2014",352,16500000,2.13333333333333,45.6
"Malawi","2015",348,16900000,2.05917159763314,38.7
"Malawi","2016",341,17400000,1.95977011494253,34.8
"Malawi","2017",334,17900000,1.8659217877095,34.2
"Malawi","2018",348,18400000,1.89130434782609,33.4
"Malawi","2019",333,18900000,1.76190476190476,38.7
"Malaysia","2006",689,26500000,2.6,60.1
"Malaysia","2007",694,27100000,2.56088560885609,62.4
"Malaysia","2008",705,27700000,2.54512635379061,58.1
"Malaysia","2009",714,28200000,2.53191489361702,53.9
"Malaysia","2010",706,28700000,2.45993031358885,55.8
"Malaysia","2011",690,29200000,2.36301369863014,57.9
"Malaysia","2012",674,29700000,2.26936026936027,59.1
"Malaysia","2013",645,30100000,2.14285714285714,57.7
"Malaysia","2014",633,30600000,2.06862745098039,59.6
"Malaysia","2015",619,31100000,1.9903536977492,63.2
"Malaysia","2018",586,32400000,1.80864197530864,53.4
"Malaysia","2019",577,32800000,1.75914634146341,54.3
"Namibia","2007",432,2010000,21.4925373134328,48.9
"Namibia","2014",433,2240000,19.3303571428571,45.7
"Namibia","2017",436,2360000,18.4745762711864,44.4
"Namibia","2018",442,2410000,18.3402489626556,48.3
"Namibia","2019",438,2450000,17.8775510204082,44.4
"Niger","2006",1230,14400000,8.54166666666667,37.4
"Niger","2007",1240,14900000,8.32214765100671,42.8
"Niger","2008",1230,15500000,7.93548387096774,42.4
"Niger","2009",1260,1.6e+07,7.875,42.7
"Niger","2010",1270,16600000,7.65060240963855,41
"Niger","2011",1320,17300000,7.63005780346821,45.6
"Niger","2012",1370,1.8e+07,7.61111111111111,38
"Niger","2013",1460,18700000,7.80748663101604,37.2
"Niger","2014",1570,19400000,8.09278350515464,41.8
"Niger","2015",1640,20100000,8.1592039800995,36.7
"Niger","2016",1750,20900000,8.37320574162679,42.4
"Niger","2017",1850,21700000,8.52534562211981,46.2
"Niger","2018",1930,22600000,8.53982300884956,51.6
"Niger","2019",1960,23400000,8.37606837606838,50
"Nigeria","2006",9940,1.44e+08,6.90277777777778,47.1
"Nigeria","2007",10100,1.48e+08,6.82432432432432,48.9
"Nigeria","2008",10100,1.52e+08,6.64473684210526,49.4
"Nigeria","2009",10200,1.57e+08,6.4968152866242,49.8
"Nigeria","2010",11200,1.61e+08,6.95652173913043,47.6
"Nigeria","2012",11300,1.7e+08,6.64705882352941,54.9
"Nigeria","2013",12000,1.75e+08,6.85714285714286,48.2
"Nigeria","2015",12600,1.84e+08,6.84782608695652,49.3
"Nigeria","2016",13100,1.89e+08,6.93121693121693,52.2
"Nigeria","2017",13400,1.93e+08,6.94300518134715,53.2
"Nigeria","2018",14100,1.98e+08,7.12121212121212,52.5
"Nigeria","2019",13000,2.03e+08,6.40394088669951,42.7
"Nicaragua","2006",485,5530000,8.77034358047016,44.6
"Nicaragua","2007",492,5610000,8.77005347593583,49.4
"Nicaragua","2008",494,5690000,8.68189806678383,51
"Nicaragua","2009",489,5770000,8.47487001733102,53.5
"Nicaragua","2010",465,5860000,7.93515358361775,56.9
"Nicaragua","2011",463,5940000,7.7946127946128,53.9
"Nicaragua","2012",451,6030000,7.47927031509121,54.5
"Nicaragua","2013",438,6120000,7.15686274509804,57.7
"Nicaragua","2014",430,6210000,6.92431561996779,62.8
"Nicaragua","2015",397,6300000,6.3015873015873,59.2
"Nicaragua","2016",406,6390000,6.35367762128325,60.1
"Nicaragua","2017",391,6480000,6.03395061728395,64.8
"Nicaragua","2018",390,6570000,5.93607305936073,58.2
"Nicaragua","2019",395,6660000,5.93093093093093,61.1
"Netherlands","2005",210,16300000,1.28834355828221,74.6
"Netherlands","2007",177,16400000,1.07926829268293,74.5
"Netherlands","2008",180,16500000,1.09090909090909,76.3
"Netherlands","2010",165,16600000,0.993975903614458,75
"Netherlands","2011",163,16700000,0.976047904191617,75.6
"Netherlands","2012",160,16800000,0.952380952380952,74.7
"Netherlands","2013",144,16900000,0.85207100591716,74.1
"Netherlands","2014",146,1.7e+07,0.858823529411765,73.2
"Netherlands","2015",132,1.7e+07,0.776470588235294,73.2
"Netherlands","2016",127,17100000,0.742690058479532,75.4
"Netherlands","2017",140,17200000,0.813953488372093,74.6
"Netherlands","2018",142,17300000,0.820809248554913,74.6
"Netherlands","2019",144,17400000,0.827586206896552,74.3
"Norway","2006",43.1,4660000,0.924892703862661,74.2
"Norway","2008",33.4,4770000,0.70020964360587,76.3
"Norway","2012",36.5,5020000,0.727091633466135,76.8
"Norway","2014",36.1,5140000,0.702334630350195,74.4
"Norway","2015",28.7,5190000,0.552986512524085,76
"Norway","2016",33.7,5240000,0.643129770992366,76
"Norway","2017",30.9,5280000,0.585227272727273,75.8
"Norway","2018",32.1,5310000,0.604519774011299,74.4
"Norway","2019",32.5,5350000,0.607476635514019,74.4
"Nepal","2006",487,26500000,1.8377358490566,45.7
"Nepal","2007",512,26700000,1.91760299625468,47.5
"Nepal","2008",496,26900000,1.84386617100372,44.4
"Nepal","2009",510,2.7e+07,1.88888888888889,49.2
"Nepal","2010",512,27200000,1.88235294117647,43.5
"Nepal","2011",507,27300000,1.85714285714286,38.1
"Nepal","2012",512,27300000,1.87545787545788,42.3
"Nepal","2013",522,27400000,1.9051094890511,46
"Nepal","2014",527,27500000,1.91636363636364,49.8
"Nepal","2015",533,27600000,1.93115942028985,48.1
"Nepal","2016",540,27900000,1.93548387096774,51
"Nepal","2017",538,28200000,1.90780141843972,47.4
"Nepal","2018",536,28500000,1.88070175438596,49.1
"Nepal","2019",535,28800000,1.85763888888889,54.5
"New Zealand","2006",66.7,4180000,1.59569377990431,73
"New Zealand","2007",62.9,4220000,1.49052132701422,76
"New Zealand","2008",63.9,4260000,1.5,73.8
"New Zealand","2010",60.6,4350000,1.39310344827586,72.2
"New Zealand","2011",58.7,4380000,1.34018264840183,71.9
"New Zealand","2012",59.4,4410000,1.3469387755102,72.5
"New Zealand","2013",59.3,4450000,1.33258426966292,72.8
"New Zealand","2014",51.7,4510000,1.14634146341463,73.1
"New Zealand","2015",57.5,4590000,1.25272331154684,74.2
"New Zealand","2016",58,4670000,1.24197002141328,72.3
"New Zealand","2017",57.7,4750000,1.21473684210526,73.3
"New Zealand","2018",57.7,4840000,1.19214876033058,73.7
"New Zealand","2019",57.8,4960000,1.16532258064516,72
"Oman","2011",26.1,3210000,0.813084112149533,68.5
"Pakistan","2005",11800,1.74e+08,6.7816091954023,52.3
"Pakistan","2007",12800,1.82e+08,7.03296703296703,56.7
"Pakistan","2008",13400,1.86e+08,7.20430107526882,44.1
"Pakistan","2009",13400,1.9e+08,7.05263157894737,52.1
"Pakistan","2010",13700,1.94e+08,7.06185567010309,57.9
"Pakistan","2011",13800,1.99e+08,6.93467336683417,52.7
"Pakistan","2012",13900,2.02e+08,6.88118811881188,51.3
"Pakistan","2013",14200,2.05e+08,6.92682926829268,51.4
"Pakistan","2014",12300,2.08e+08,5.91346153846154,54.4
"Pakistan","2015",12500,2.11e+08,5.92417061611374,48.2
"Pakistan","2016",12900,2.14e+08,6.02803738317757,55.5
"Pakistan","2017",13000,2.16e+08,6.01851851851852,58.3
"Pakistan","2018",13300,2.2e+08,6.04545454545455,54.7
"Pakistan","2019",13400,2.23e+08,6.00896860986547,44.4
"Panama","2006",445,3370000,13.2047477744807,61.3
"Panama","2007",532,3430000,15.5102040816327,68.9
"Panama","2008",658,3500000,18.8,69.3
"Panama","2009",788,3560000,22.1348314606742,70.3
"Panama","2010",774,3620000,21.3812154696133,73.2
"Panama","2011",771,3690000,20.8943089430894,72.5
"Panama","2012",768,3750000,20.48,68.6
"Panama","2013",733,3820000,19.1884816753927,68.7
"Panama","2014",713,3890000,18.3290488431877,66.3
"Panama","2015",635,3960000,16.0353535353535,66.1
"Panama","2016",591,4030000,14.6650124069479,61.2
"Panama","2017",611,4100000,14.9024390243902,65.7
"Panama","2018",628,4170000,15.0599520383693,62.8
"Panama","2019",625,4230000,14.7754137115839,60.9
"Peru","2006",1040,28400000,3.66197183098592,48.1
"Peru","2007",1030,28600000,3.6013986013986,52.1
"Peru","2008",1070,28800000,3.71527777777778,51.3
"Peru","2009",1140,2.9e+07,3.93103448275862,55.2
"Peru","2010",1150,29200000,3.93835616438356,56.1
"Peru","2011",1160,29500000,3.93220338983051,58.9
"Peru","2012",1160,29700000,3.90572390572391,58.3
"Peru","2013",1150,3e+07,3.83333333333333,57.8
"Peru","2014",1140,30400000,3.75,58.7
"Peru","2015",1140,30700000,3.71335504885994,55.8
"Peru","2016",1130,31100000,3.63344051446945,57
"Peru","2017",1140,31600000,3.60759493670886,57.1
"Peru","2018",1150,32200000,3.57142857142857,56.8
"Peru","2019",1140,32800000,3.47560975609756,60
"Philippines","2006",15300,87900000,17.4061433447099,46.7
"Philippines","2007",14900,89600000,16.6294642857143,50.7
"Philippines","2008",14700,91300000,16.1007667031763,45.9
"Philippines","2009",14700,92900000,15.8234660925727,48.8
"Philippines","2010",14500,94600000,15.3276955602537,49.4
"Philippines","2011",14400,96300000,14.9532710280374,49.9
"Philippines","2012",14200,9.8e+07,14.4897959183673,50
"Philippines","2013",14100,99700000,14.1424272818455,49.8
"Philippines","2014",14300,1.01e+08,14.1584158415842,53.1
"Philippines","2015",14700,1.03e+08,14.2718446601942,55.5
"Philippines","2016",15200,1.05e+08,14.4761904761905,54.3
"Philippines","2017",15500,1.07e+08,14.4859813084112,55.9
"Philippines","2018",15400,1.09e+08,14.1284403669725,58.7
"Philippines","2019",15600,1.1e+08,14.1818181818182,62.7
"Poland","2005",969,38600000,2.51036269430052,55.9
"Poland","2007",929,38500000,2.41298701298701,58.9
"Poland","2009",803,38600000,2.08031088082902,57.7
"Poland","2010",719,38600000,1.86269430051813,58.9
"Poland","2011",764,38600000,1.97927461139896,56.5
"Poland","2012",708,38600000,1.83419689119171,58.8
"Poland","2013",699,38600000,1.81088082901554,57.5
"Poland","2014",629,38600000,1.62953367875648,57.5
"Poland","2015",584,38600000,1.51295336787565,60.1
"Poland","2016",584,38500000,1.51688311688312,61.6
"Poland","2017",610,38500000,1.58441558441558,62
"Poland","2018",616,38500000,1.6,61.1
"Poland","2019",617,38500000,1.6025974025974,62.4
"Portugal","2006",208,10500000,1.98095238095238,54
"Portugal","2008",246,10600000,2.32075471698113,57.2
"Portugal","2010",224,10600000,2.11320754716981,51
"Portugal","2011",193,10600000,1.82075471698113,52.2
"Portugal","2012",200,10500000,1.9047619047619,49.9
"Portugal","2013",175,10500000,1.66666666666667,51.6
"Portugal","2014",171,10400000,1.64423076923077,51.3
"Portugal","2015",165,10400000,1.58653846153846,50.8
"Portugal","2016",148,10300000,1.4368932038835,54.5
"Portugal","2017",159,10300000,1.54368932038835,57.1
"Portugal","2018",165,10300000,1.60194174757282,59.2
"Portugal","2019",166,10300000,1.61165048543689,61
"Paraguay","2006",839,5530000,15.1717902350814,47.3
"Paraguay","2007",801,5590000,14.3291592128801,52.7
"Paraguay","2008",785,5650000,13.8938053097345,55.7
"Paraguay","2009",777,5700000,13.6315789473684,55.8
"Paraguay","2010",744,5770000,12.894280762565,58.4
"Paraguay","2011",727,5840000,12.4486301369863,56.8
"Paraguay","2012",726,5920000,12.2635135135135,58.2
"Paraguay","2013",716,6010000,11.9134775374376,59.4
"Paraguay","2014",721,6090000,11.8390804597701,51.2
"Paraguay","2015",737,6180000,11.9255663430421,55.6
"Paraguay","2016",760,6270000,12.1212121212121,58
"Paraguay","2017",785,6360000,12.3427672955975,57.1
"Paraguay","2019",823,6530000,12.6033690658499,56.5
"Palestine","2006",124,3630000,3.41597796143251,47.2
"Palestine","2007",147,3720000,3.95161290322581,41.5
"Palestine","2008",185,3810000,4.85564304461942,43.9
"Palestine","2009",214,3900000,5.48717948717949,44.7
"Palestine","2010",236,3990000,5.91478696741855,47
"Palestine","2011",266,4090000,6.50366748166259,47.5
"Palestine","2012",316,4180000,7.55980861244019,46.5
"Palestine","2013",369,4280000,8.6214953271028,48.4
"Palestine","2014",429,4380000,9.79452054794521,47.2
"Palestine","2015",388,4480000,8.66071428571428,47
"Palestine","2016",360,4590000,7.84313725490196,49.1
"Palestine","2017",328,4700000,6.97872340425532,46.3
"Palestine","2018",316,4810000,6.56964656964657,45.5
"Palestine","2019",307,4910000,6.25254582484725,44.8
"Qatar","2009",18.3,1610000,1.13664596273292,64.2
"Qatar","2010",20.5,1710000,1.19883040935673,68.5
"Qatar","2011",21.9,1800000,1.21666666666667,65.9
"Qatar","2012",23.2,1910000,1.21465968586387,66.1
"Qatar","2015",24.7,2410000,1.02489626556017,63.8
"Romania","2005",626,21100000,2.96682464454976,50.5
"Romania","2007",534,20700000,2.57971014492754,53.9
"Romania","2009",549,20500000,2.6780487804878,53.7
"Romania","2010",538,20300000,2.65024630541872,49.1
"Romania","2011",456,20200000,2.25742574257426,50.2
"Romania","2012",459,20100000,2.28358208955224,51.7
"Romania","2013",402,20100000,2,50.8
"Romania","2014",412,2e+07,2.06,57.3
"Romania","2015",366,19900000,1.8391959798995,57.8
"Romania","2016",362,19800000,1.82828282828283,59.7
"Romania","2017",337,19700000,1.71065989847716,60.9
"Romania","2018",373,19600000,1.9030612244898,61.5
"Romania","2019",380,19500000,1.94871794871795,61.3
"Russia","2006",43300,1.43e+08,30.2797202797203,49.6
"Russia","2007",39600,1.43e+08,27.6923076923077,52.2
"Russia","2008",37600,1.43e+08,26.2937062937063,56.2
"Russia","2009",33100,1.43e+08,23.1468531468531,51.6
"Russia","2010",31800,1.43e+08,22.2377622377622,53.9
"Russia","2011",28800,1.43e+08,20.1398601398601,53.9
"Russia","2012",27100,1.44e+08,18.8194444444444,56.2
"Russia","2013",26200,1.44e+08,18.1944444444444,55.4
"Russia","2014",25500,1.44e+08,17.7083333333333,60.4
"Russia","2015",24200,1.45e+08,16.6896551724138,60
"Russia","2016",22300,1.45e+08,15.3793103448276,58.5
"Russia","2017",20500,1.45e+08,14.1379310344828,55.8
"Russia","2018",21900,1.46e+08,15,55.1
"Russia","2019",22300,1.46e+08,15.2739726027397,54.4
"Rwanda","2006",408,9270000,4.40129449838188,42.1
"Rwanda","2008",408,9780000,4.17177914110429,43.6
"Rwanda","2009",403,1e+07,4.03,40.3
"Rwanda","2011",414,10600000,3.90566037735849,41
"Rwanda","2012",422,10800000,3.90740740740741,33.3
"Rwanda","2013",424,11100000,3.81981981981982,34.7
"Rwanda","2014",435,11400000,3.81578947368421,36
"Rwanda","2015",440,11600000,3.79310344827586,34.8
"Rwanda","2016",445,11900000,3.73949579831933,33.3
"Rwanda","2017",448,12200000,3.67213114754098,31.1
"Rwanda","2018",459,12500000,3.672,35.6
"Rwanda","2019",461,12800000,3.6015625,32.7
"Saudi Arabia","2005",212,24400000,0.868852459016394,70.8
"Saudi Arabia","2007",238,26400000,0.901515151515152,72.7
"Saudi Arabia","2008",260,27400000,0.948905109489051,68.1
"Saudi Arabia","2009",286,28500000,1.00350877192982,61.5
"Saudi Arabia","2010",321,29400000,1.09183673469388,63.1
"Saudi Arabia","2011",345,30200000,1.14238410596026,67
"Saudi Arabia","2012",368,30800000,1.19480519480519,64
"Saudi Arabia","2013",383,31500000,1.21587301587302,65
"Saudi Arabia","2014",401,32100000,1.24922118380062,62.8
"Saudi Arabia","2015",407,32700000,1.24464831804281,63.5
"Saudi Arabia","2016",409,33400000,1.22455089820359,64.7
"Saudi Arabia","2017",409,34200000,1.19590643274854,62.9
"Saudi Arabia","2018",407,3.5e+07,1.16285714285714,63.6
"Saudi Arabia","2019",403,35800000,1.12569832402235,65.6
"Sudan","2009",2830,32900000,8.60182370820669,44.5
"Sudan","2010",1340,33700000,3.97626112759644,44.4
"Sudan","2011",1640,34400000,4.76744186046512,43.1
"Sudan","2012",710,35200000,2.01704545454545,45.5
"Sudan","2014",1610,3.7e+07,4.35135135135135,41.4
"Senegal","2006",257,11300000,2.27433628318584,44.2
"Senegal","2007",138,11600000,1.18965517241379,46.8
"Senegal","2008",143,11900000,1.20168067226891,46.8
"Senegal","2009",151,12200000,1.23770491803279,43.4
"Senegal","2010",140,12500000,1.12,43.7
"Senegal","2011",145,12900000,1.12403100775194,38.3
"Senegal","2012",145,13200000,1.09848484848485,36.7
"Senegal","2013",154,13600000,1.13235294117647,36.5
"Senegal","2014",170,1.4e+07,1.21428571428571,44
"Senegal","2015",175,14400000,1.21527777777778,46.2
"Senegal","2016",185,14800000,1.25,46
"Senegal","2017",186,15200000,1.22368421052632,46.8
"Senegal","2018",199,15600000,1.27564102564103,47.7
"Senegal","2019",187,1.6e+07,1.16875,54.9
"Singapore","2006",31.1,4490000,0.692650334075724,64.6
"Singapore","2007",33.4,4660000,0.716738197424893,68.3
"Singapore","2008",35.5,4840000,0.733471074380165,66.4
"Singapore","2009",29.8,5010000,0.594810379241517,61.5
"Singapore","2010",32.6,5160000,0.631782945736434,65.3
"Singapore","2011",29.2,5280000,0.553030303030303,65.6
"Singapore","2013",22.4,5480000,0.408759124087591,65.3
"Singapore","2014",21.5,5570000,0.385996409335727,70.6
"Singapore","2015",21.9,5650000,0.387610619469027,66.2
"Singapore","2016",25.2,5710000,0.441330998248686,60.3
"Singapore","2017",26,5760000,0.451388888888889,63.8
"Singapore","2018",24.4,5810000,0.419965576592083,63.8
"Singapore","2019",24.8,5870000,0.422487223168654,63.8
"Sierra Leone","2006",84.3,5810000,1.45094664371773,36.3
"Sierra Leone","2007",90.8,5940000,1.52861952861953,35.9
"Sierra Leone","2008",90.9,6090000,1.49261083743842,30
"Sierra Leone","2010",102,6440000,1.58385093167702,41.3
"Sierra Leone","2011",105,6610000,1.58850226928896,45
"Sierra Leone","2013",117,6960000,1.68103448275862,45.1
"Sierra Leone","2014",124,7140000,1.73669467787115,45
"Sierra Leone","2015",126,7310000,1.72366621067031,49.1
"Sierra Leone","2016",132,7490000,1.76234979973298,47.3
"Sierra Leone","2017",138,7680000,1.796875,40.9
"Sierra Leone","2018",146,7860000,1.85750636132316,43.1
"Sierra Leone","2019",148,8050000,1.83850931677019,34.5
"El Salvador","2006",3260,6030000,54.0630182421227,57
"El Salvador","2007",3260,6040000,53.9735099337748,53
"El Salvador","2008",3220,6070000,53.0477759472817,51.9
"El Salvador","2009",3300,6090000,54.1871921182266,68.4
"El Salvador","2010",3190,6110000,52.2094926350246,67.4
"El Salvador","2011",3190,6140000,51.9543973941368,47.4
"El Salvador","2012",6190,6160000,100.487012987013,59.3
"El Salvador","2013",5980,6190000,96.6074313408724,63.3
"El Salvador","2014",6180,6210000,99.5169082125604,58.6
"El Salvador","2015",6560,6230000,105.29695024077,60.2
"El Salvador","2016",3200,6250000,51.2,61.4
"El Salvador","2017",3150,6270000,50.2392344497608,63.4
"El Salvador","2018",3140,6280000,50,62.4
"El Salvador","2019",3050,6280000,48.5668789808917,64.5
"Somalia","2014",2050,13300000,15.4135338345865,55.3
"Somalia","2015",2140,13800000,15.5072463768116,53.5
"Somalia","2016",2290,14300000,16.013986013986,46.7
"Serbia","2007",289,7760000,3.72422680412371,47.5
"Serbia","2009",258,7690000,3.35500650195059,43.8
"Serbia","2010",243,7650000,3.17647058823529,44.6
"Serbia","2011",236,7620000,3.09711286089239,48.1
"Serbia","2012",230,7590000,3.03030303030303,51.5
"Serbia","2013",224,7570000,2.95904887714663,51
"Serbia","2014",217,7540000,2.87798408488064,51.1
"Serbia","2015",213,7520000,2.83244680851064,53.2
"Serbia","2016",207,7490000,2.76368491321762,57.5
"Serbia","2017",205,7460000,2.74798927613941,51.2
"Serbia","2018",205,7430000,2.75908479138627,59.4
"Serbia","2019",203,7400000,2.74324324324324,62.4
"South Sudan","2014",654,11200000,5.83928571428571,38.3
"South Sudan","2015",883,11200000,7.88392857142857,40.7
"South Sudan","2016",877,11100000,7.9009009009009,28.9
"South Sudan","2017",1070,10700000,10,28.2
"Suriname","2012",49.3,558000,8.83512544802867,62.7
"Slovak Republic","2006",185,5380000,3.43866171003717,52.6
"Slovak Republic","2010",146,5400000,2.7037037037037,60.5
"Slovak Republic","2011",142,5400000,2.62962962962963,59.5
"Slovak Republic","2012",135,5410000,2.49537892791128,59.1
"Slovak Republic","2013",129,5410000,2.38447319778189,59.4
"Slovak Republic","2014",127,5420000,2.34317343173432,61.4
"Slovak Republic","2015",127,5420000,2.34317343173432,61.6
"Slovak Republic","2016",122,5430000,2.24677716390424,59.9
"Slovak Republic","2017",120,5440000,2.20588235294118,63.7
"Slovak Republic","2018",119,5450000,2.18348623853211,62.4
"Slovak Republic","2019",118,5450000,2.1651376146789,62.4
"Slovenia","2006",26.2,2010000,1.30348258706468,58.1
"Slovenia","2009",19.5,2050000,0.951219512195122,58.3
"Slovenia","2010",16.6,2060000,0.805825242718447,60.8
"Slovenia","2011",22.3,2070000,1.07729468599034,60.4
"Slovenia","2012",20.4,2070000,0.985507246376812,60.6
"Slovenia","2013",23.4,2070000,1.1304347826087,59.8
"Slovenia","2014",21.8,2070000,1.05314009661836,56.8
"Slovenia","2015",18.6,2080000,0.894230769230769,57.4
"Slovenia","2016",19.2,2090000,0.91866028708134,59.4
"Slovenia","2017",19.1,2100000,0.90952380952381,61.7
"Slovenia","2018",19.1,2110000,0.90521327014218,62.5
"Slovenia","2019",19.1,2110000,0.90521327014218,66.7
"Sweden","2005",124,9050000,1.37016574585635,73.8
"Sweden","2007",137,9160000,1.49563318777293,72.4
"Sweden","2008",118,9230000,1.27843986998917,75.2
"Sweden","2009",122,9300000,1.31182795698925,72.7
"Sweden","2010",122,9380000,1.30063965884861,75
"Sweden","2011",118,9470000,1.24604012671595,73.8
"Sweden","2012",114,9560000,1.19246861924686,75.6
"Sweden","2013",122,9650000,1.26424870466321,74.3
"Sweden","2014",121,9750000,1.24102564102564,72.4
"Sweden","2015",131,9850000,1.32994923857868,72.9
"Sweden","2016",125,9950000,1.25628140703518,73.7
"Sweden","2017",132,10100000,1.30693069306931,72.9
"Sweden","2018",122,10200000,1.19607843137255,73.8
"Sweden","2019",120,10300000,1.16504854368932,74
"Eswatini","2011",216,1110000,19.4594594594595,48.7
"Eswatini","2018",231,1160000,19.9137931034483,42.1
"Eswatini","2019",235,1170000,20.0854700854701,44
"Syria","2008",430,21500000,2,53.2
"Syria","2009",439,21800000,2.01376146788991,49.8
"Syria","2010",453,22300000,2.03139013452915,44.6
"Syria","2011",405,22700000,1.784140969163,40.4
"Syria","2012",356,22600000,1.57522123893805,31.6
"Syria","2013",316,21500000,1.46976744186047,26.9
"Syria","2015",281,19200000,1.46354166666667,34.6
"Chad","2006",922,10400000,8.86538461538461,34.4
"Chad","2007",870,10700000,8.13084112149533,41.4
"Chad","2008",764,11100000,6.88288288288288,46.3
"Chad","2009",789,11500000,6.86086956521739,36.4
"Chad","2010",826,11900000,6.94117647058823,37.4
"Chad","2011",847,12300000,6.88617886178862,43.9
"Chad","2012",875,12800000,6.8359375,40.3
"Chad","2013",915,13200000,6.93181818181818,35.1
"Chad","2014",960,13700000,7.00729927007299,34.6
"Chad","2015",992,14100000,7.0354609929078,43.2
"Chad","2016",1040,14600000,7.12328767123288,40.3
"Chad","2017",1100,15100000,7.28476821192053,45.6
"Chad","2018",1130,15600000,7.24358974358974,44.9
"Chad","2019",1230,16100000,7.63975155279503,42.5
"Togo","2006",379,5870000,6.45655877342419,32
"Togo","2008",413,6220000,6.63987138263666,28.1
"Togo","2011",464,6750000,6.87407407407407,29.4
"Togo","2014",492,7290000,6.74897119341564,28.4
"Togo","2015",505,7470000,6.76037483266399,37.7
"Togo","2016",527,7660000,6.8798955613577,38.8
"Togo","2017",543,7850000,6.9171974522293,43.6
"Togo","2018",550,8050000,6.83229813664596,40.2
"Togo","2019",559,8240000,6.78398058252427,41.8
"Thailand","2006",6250,66300000,9.42684766214178,58.9
"Thailand","2007",6020,66800000,9.01197604790419,57.8
"Thailand","2008",5660,67300000,8.41010401188707,56.4
"Thailand","2009",5270,67800000,7.77286135693215,54.8
"Thailand","2010",5150,68300000,7.5402635431918,62.2
"Thailand","2011",5100,68700000,7.4235807860262,66.6
"Thailand","2012",5130,69200000,7.41329479768786,63
"Thailand","2013",5050,69600000,7.25574712643678,62.3
"Thailand","2014",4160,7e+07,5.94285714285714,69.8
"Thailand","2015",4170,70300000,5.93172119487909,62
"Thailand","2016",4160,70600000,5.89235127478754,60.7
"Thailand","2017",4120,70900000,5.81100141043724,59.4
"Thailand","2018",4100,71100000,5.76652601969058,60.1
"Thailand","2019",4030,71300000,5.65217391304348,60.2
"Tajikistan","2006",174,7060000,2.46458923512748,46.1
"Tajikistan","2007",161,7190000,2.23922114047288,44.3
"Tajikistan","2008",158,7320000,2.15846994535519,50.6
"Tajikistan","2009",153,7470000,2.04819277108434,45.8
"Tajikistan","2010",163,7620000,2.13910761154856,43.8
"Tajikistan","2011",169,7780000,2.17223650385604,42.6
"Tajikistan","2012",176,7960000,2.21105527638191,45
"Tajikistan","2013",187,8140000,2.2972972972973,49.7
"Tajikistan","2014",194,8330000,2.32893157262905,49
"Tajikistan","2015",203,8520000,2.38262910798122,51.2
"Tajikistan","2016",211,8730000,2.41695303550974,51
"Tajikistan","2017",218,8930000,2.44120940649496,58.3
"Tajikistan","2018",226,9130000,2.47535596933187,55
"Tajikistan","2019",234,9340000,2.50535331905782,54.6
"Turkmenistan","2009",194,5180000,3.74517374517375,65.7
"Turkmenistan","2011",222,5360000,4.14179104477612,57.9
"Turkmenistan","2012",206,5460000,3.77289377289377,54.6
"Turkmenistan","2013",232,5560000,4.1726618705036,53.9
"Turkmenistan","2014",216,5660000,3.81625441696113,57.9
"Turkmenistan","2015",207,5770000,3.58752166377816,57.9
"Turkmenistan","2016",219,5870000,3.73083475298126,58.9
"Turkmenistan","2017",215,5970000,3.60134003350084,52.3
"Turkmenistan","2018",214,6070000,3.52553542009885,46.2
"Turkmenistan","2019",214,6160000,3.47402597402597,54.7
"Trinidad and Tobago","2006",396,1380000,28.695652173913,58.3
"Trinidad and Tobago","2008",506,1390000,36.4028776978417,67
"Trinidad and Tobago","2011",398,1420000,28.0281690140845,65.2
"Trinidad and Tobago","2013",360,1440000,25,61.7
"Trinidad and Tobago","2017",326,1480000,22.027027027027,61.9
"Tunisia","2009",95.4,10800000,0.883333333333333,50.3
"Tunisia","2010",94.4,10900000,0.86605504587156,51.3
"Tunisia","2011",92,1.1e+07,0.836363636363636,48.8
"Tunisia","2012",90.4,11200000,0.807142857142857,44.6
"Tunisia","2013",88.2,11300000,0.780530973451327,52.5
"Tunisia","2014",87.2,11400000,0.764912280701754,47.6
"Tunisia","2015",84.3,11600000,0.726724137931034,51.3
"Tunisia","2016",82.9,11700000,0.708547008547009,45.2
"Tunisia","2017",81.2,11800000,0.688135593220339,41.2
"Tunisia","2018",79.8,11900000,0.670588235294118,47.4
"Tunisia","2019",78.4,1.2e+07,0.653333333333333,43.1
"Turkey","2005",1870,68700000,2.72197962154294,47.2
"Turkey","2007",1740,70500000,2.46808510638298,56.2
"Turkey","2008",1670,71300000,2.3422159887798,51.2
"Turkey","2009",1660,72200000,2.29916897506925,52.1
"Turkey","2010",1660,73200000,2.26775956284153,54.9
"Turkey","2011",1590,74200000,2.14285714285714,52.7
"Turkey","2012",1600,75300000,2.12483399734396,53.1
"Turkey","2013",1640,76600000,2.14099216710183,48.9
"Turkey","2014",1640,78100000,2.09987195902689,55.8
"Turkey","2015",1600,79600000,2.01005025125628,55.1
"Turkey","2016",1610,8.1e+07,1.98765432098765,53.3
"Turkey","2017",1610,82100000,1.96102314250914,56.1
"Turkey","2018",1610,82800000,1.94444444444444,51.9
"Turkey","2019",1600,83500000,1.91616766467066,48.7
"Taiwan","2006",633,22900000,2.76419213973799,61.9
"Taiwan","2008",467,2.3e+07,2.0304347826087,55.5
"Taiwan","2010",395,23100000,1.70995670995671,62.3
"Taiwan","2011",335,23100000,1.45021645021645,63.1
"Taiwan","2012",348,23200000,1.5,61.3
"Taiwan","2013",333,23300000,1.42918454935622,63.4
"Taiwan","2014",334,23400000,1.42735042735043,63.6
"Taiwan","2015",309,23500000,1.31489361702128,64.5
"Taiwan","2016",296,23600000,1.25423728813559,65.1
"Taiwan","2017",329,23700000,1.38818565400844,63.6
"Taiwan","2018",339,23700000,1.43037974683544,64.7
"Taiwan","2019",343,23800000,1.44117647058824,65.4
"Tanzania","2006",2640,40600000,6.50246305418719,39.2
"Tanzania","2007",2720,41700000,6.52278177458034,43.2
"Tanzania","2008",2770,42900000,6.45687645687646,43.9
"Tanzania","2009",2860,4.4e+07,6.5,34.1
"Tanzania","2010",2900,45100000,6.43015521064302,32.3
"Tanzania","2011",2940,46400000,6.33620689655172,40.7
"Tanzania","2012",3030,47800000,6.33891213389121,40.1
"Tanzania","2013",3110,49300000,6.30831643002028,38.5
"Tanzania","2014",3140,50800000,6.18110236220472,34.8
"Tanzania","2015",3260,52500000,6.20952380952381,36.6
"Tanzania","2016",3330,54400000,6.12132352941176,29
"Tanzania","2017",3370,56300000,5.98579040852576,33.5
"Tanzania","2018",3420,58100000,5.88640275387263,34.5
"Tanzania","2019",3460,59900000,5.7762938230384,36.4
"Uganda","2006",1780,28800000,6.18055555555556,37.3
"Uganda","2007",1810,29600000,6.11486486486486,44.6
"Uganda","2008",1800,30500000,5.9016393442623,45.7
"Uganda","2009",1850,31400000,5.89171974522293,46.1
"Uganda","2010",1860,32300000,5.75851393188855,41.9
"Uganda","2011",1910,33300000,5.73573573573574,48.3
"Uganda","2012",1980,34300000,5.77259475218659,43.1
"Uganda","2013",2110,35300000,5.97733711048159,37.1
"Uganda","2014",2210,36300000,6.08815426997245,37.7
"Uganda","2015",2230,37500000,5.94666666666667,42.4
"Uganda","2016",2320,38700000,5.99483204134367,42.3
"Uganda","2017",2280,40100000,5.6857855361596,40
"Uganda","2018",2360,41500000,5.68674698795181,43.2
"Uganda","2019",2380,42900000,5.54778554778555,49.5
"Ukraine","2006",6460,46600000,13.862660944206,48
"Ukraine","2007",6670,46300000,14.4060475161987,52.5
"Ukraine","2008",6220,46100000,13.4924078091106,51.7
"Ukraine","2009",4950,45900000,10.7843137254902,51.7
"Ukraine","2010",4460,45700000,9.75929978118162,50.6
"Ukraine","2011",4140,45500000,9.0989010989011,50.8
"Ukraine","2012",4030,45400000,8.87665198237885,50.3
"Ukraine","2013",3580,45300000,7.90286975717439,47.1
"Ukraine","2014",4810,45100000,10.6651884700665,43
"Ukraine","2015",5240,4.5e+07,11.6444444444444,39.6
"Ukraine","2016",4940,44800000,11.0267857142857,40.3
"Ukraine","2017",5400,44700000,12.0805369127517,43.1
"Ukraine","2018",5320,44400000,11.981981981982,46.6
"Ukraine","2019",5280,44200000,11.9457013574661,47
"Uruguay","2006",167,3320000,5.03012048192771,57.9
"Uruguay","2007",166,3330000,4.98498498498498,56.9
"Uruguay","2008",172,3340000,5.1497005988024,56.6
"Uruguay","2009",186,3340000,5.5688622754491,63
"Uruguay","2010",188,3350000,5.61194029850746,60.6
"Uruguay","2011",200,3360000,5.95238095238095,65.5
"Uruguay","2012",230,3370000,6.82492581602374,64.5
"Uruguay","2013",231,3380000,6.83431952662722,64.4
"Uruguay","2014",236,3390000,6.96165191740413,65.6
"Uruguay","2015",253,3400000,7.44117647058823,66.3
"Uruguay","2016",249,3410000,7.30205278592375,61.7
"Uruguay","2017",226,3420000,6.60818713450292,63.4
"Uruguay","2018",218,3430000,6.35568513119534,63.7
"Uruguay","2019",212,3430000,6.18075801749271,66
"USA","2006",19800,3e+08,6.6,71.8
"USA","2007",19400,3.03e+08,6.4026402640264,75.1
"USA","2008",18700,3.06e+08,6.11111111111111,72.8
"USA","2009",17900,3.09e+08,5.79288025889968,71.6
"USA","2010",17300,3.11e+08,5.56270096463023,71.6
"USA","2011",17200,3.14e+08,5.47770700636943,71.2
"USA","2012",17600,3.17e+08,5.55205047318612,70.3
"USA","2013",16800,3.19e+08,5.26645768025078,72.5
"USA","2014",16600,3.22e+08,5.15527950310559,71.5
"USA","2015",18200,3.25e+08,5.6,68.6
"USA","2016",19300,3.27e+08,5.90214067278287,68
"USA","2017",18800,3.3e+08,5.6969696969697,69.9
"USA","2018",18100,3.32e+08,5.45180722891566,68.8
"USA","2019",17700,3.34e+08,5.29940119760479,69.4
"Uzbekistan","2006",768,26900000,2.85501858736059,52.3
"Uzbekistan","2008",829,27700000,2.9927797833935,53.1
"Uzbekistan","2009",873,28200000,3.09574468085106,52.6
"Uzbekistan","2010",873,28600000,3.05244755244755,51
"Uzbekistan","2011",819,29100000,2.81443298969072,57.4
"Uzbekistan","2012",885,29500000,3,60.2
"Uzbekistan","2013",893,3e+07,2.97666666666667,59.4
"Uzbekistan","2014",814,30400000,2.67763157894737,60.5
"Uzbekistan","2015",909,30900000,2.94174757281553,59.7
"Uzbekistan","2016",988,31500000,3.13650793650794,58.9
"Uzbekistan","2017",942,31900000,2.95297805642633,64.2
"Uzbekistan","2018",953,32400000,2.94135802469136,62
"Uzbekistan","2019",974,3.3e+07,2.95151515151515,61.5
"Venezuela","2005",9280,26700000,34.7565543071161,71.7
"Venezuela","2006",9920,27100000,36.6051660516605,65.3
"Venezuela","2008",11400,27900000,40.8602150537634,62.6
"Venezuela","2009",12100,28300000,42.756183745583,71.9
"Venezuela","2010",12200,28700000,42.5087108013937,74.8
"Venezuela","2011",12500,29100000,42.9553264604811,65.8
"Venezuela","2012",13500,29500000,45.7627118644068,70.7
"Venezuela","2013",13600,29800000,45.6375838926174,65.5
"Venezuela","2014",13200,30200000,43.7086092715232,61.4
"Venezuela","2015",13300,30500000,43.6065573770492,55.7
"Venezuela","2016",12500,30700000,40.7166123778502,40.4
"Venezuela","2017",11500,30600000,37.5816993464052,50.7
"Venezuela","2018",11200,29800000,37.5838926174497,50.1
"Venezuela","2019",10900,2.9e+07,37.5862068965517,50.8
"Vietnam","2006",1580,8.4e+07,1.88095238095238,52.9
"Vietnam","2007",1610,84800000,1.89858490566038,54.2
"Vietnam","2008",1650,85600000,1.92757009345794,54.8
"Vietnam","2009",1610,86500000,1.86127167630058,53
"Vietnam","2010",1590,87400000,1.81922196796339,53
"Vietnam","2011",1560,88300000,1.76670441676104,57.7
"Vietnam","2012",1570,89300000,1.75811870100784,55.4
"Vietnam","2013",1580,90300000,1.74972314507198,50.2
"Vietnam","2014",1330,91200000,1.45833333333333,50.9
"Vietnam","2015",1330,92200000,1.44251626898048,50.8
"Vietnam","2016",1330,93100000,1.42857142857143,50.6
"Vietnam","2017",1310,9.4e+07,1.3936170212766,51.8
"Vietnam","2018",1290,94900000,1.35932560590095,53
"Vietnam","2019",1270,95800000,1.32567849686848,54.7
"Yemen","2007",593,22600000,2.62389380530973,44.8
"Yemen","2009",658,2.4e+07,2.74166666666667,48.1
"Yemen","2010",656,24700000,2.65587044534413,43.5
"Yemen","2011",649,25500000,2.54509803921569,37.5
"Yemen","2012",661,26200000,2.52290076335878,40.6
"Yemen","2013",672,2.7e+07,2.48888888888889,42.2
"Yemen","2014",1140,27800000,4.10071942446043,39.7
"Yemen","2015",1090,28500000,3.82456140350877,29.8
"Yemen","2016",1680,29300000,5.73378839590444,38.3
"Yemen","2017",1120,3e+07,3.73333333333333,32.5
"Yemen","2018",1120,30800000,3.63636363636364,30.6
"Yemen","2019",820,31500000,2.6031746031746,42
"South Africa","2006",24900,49500000,50.3030303030303,50.8
"South Africa","2007",23800,5e+07,47.6,52
"South Africa","2008",23000,50600000,45.4545454545455,53.5
"South Africa","2009",22100,51200000,43.1640625,52.2
"South Africa","2010",21500,51800000,41.5057915057915,46.5
"South Africa","2011",20300,52400000,38.7404580152672,49.3
"South Africa","2012",19900,53100000,37.4764595103578,51.3
"South Africa","2013",19600,53900000,36.3636363636364,36.6
"South Africa","2014",19600,54700000,35.8318098720293,48.3
"South Africa","2015",19200,55900000,34.3470483005367,48.9
"South Africa","2016",18200,56400000,32.2695035460993,47.7
"South Africa","2017",18200,56600000,32.1554770318021,45.1
"South Africa","2018",18800,57300000,32.8097731239093,48.8
"South Africa","2019",19100,58100000,32.8743545611015,50.4
"Zambia","2006",1060,1.2e+07,8.83333333333333,48.2
"Zambia","2007",1110,12400000,8.95161290322581,40
"Zambia","2008",1160,12900000,8.9922480620155,47.3
"Zambia","2009",1210,13300000,9.09774436090226,52.6
"Zambia","2011",1260,14300000,8.81118881118881,50
"Zambia","2012",1290,14700000,8.77551020408163,50.1
"Zambia","2013",1330,15200000,8.75,52.4
"Zambia","2014",1370,15700000,8.72611464968153,43.5
"Zambia","2015",1430,16200000,8.82716049382716,48.4
"Zambia","2016",1490,16800000,8.86904761904762,43.5
"Zambia","2017",1530,17300000,8.84393063583815,39.3
"Zambia","2018",1580,17800000,8.87640449438202,40.4
"Zambia","2019",1620,18400000,8.80434782608696,33.1
"Zimbabwe","2006",1110,12300000,9.02439024390244,38.3
"Zimbabwe","2007",1080,12500000,8.64,32.8
"Zimbabwe","2008",1160,12600000,9.2063492063492,31.7
"Zimbabwe","2009",1190,12700000,9.37007874015748,40.6
"Zimbabwe","2010",1210,12800000,9.453125,46.8
"Zimbabwe","2011",1220,1.3e+07,9.38461538461539,48.5
"Zimbabwe","2012",1240,13300000,9.32330827067669,49.5
"Zimbabwe","2013",1240,13600000,9.11764705882353,46.9
"Zimbabwe","2014",1260,13900000,9.06474820143885,41.8
"Zimbabwe","2015",1300,14200000,9.15492957746479,37
"Zimbabwe","2016",1340,14500000,9.24137931034483,37.4
"Zimbabwe","2017",1360,14800000,9.18918918918919,36.4
"Zimbabwe","2018",1400,15100000,9.27152317880795,36.2
"Zimbabwe","2019",1430,15400000,9.28571428571429,26.9
